0.182692;0.343137;0.180723;0.0782209;0.0890208;0.0766551;0.206497;0.0942741;0.745455;0.453488;0.693548;7;
0.25;0.0980392;0.192771;0.138037;0.127596;0.0766551;0.187935;0.177174;0.572727;0.313953;0.225806;6;
0.259615;0.176471;0.192771;0.0927914;0.148368;0.111498;0.220418;0.104685;0.418182;0.232558;0.5;5;
0.298077;0.117647;0.301205;0.144172;0.0801187;0.264808;0.366589;0.179102;0.390909;0.383721;0.354839;6;
0.182692;0.602941;0.0361446;0.095092;0.0979228;0.0243902;0.174014;0.139001;0.654545;0.255814;0.354839;5;
0.317308;0.196078;0.156627;0.0199387;0.118694;0.0348432;0.178654;0.121265;0.390909;0.186047;0.225806;5;
0.240385;0.176471;0.253012;0.0996933;0.106825;0.209059;0.464037;0.160594;0.436364;0.360465;0.241935;6;
0.288462;0.156863;0.240964;0.0184049;0.11276;0.111498;0.222738;0.0557162;0.372727;0.313953;0.774194;8;
0.326923;0.0784314;0.174699;0.00613497;0.0652819;0.132404;0.264501;0.047619;0.363636;0.209302;0.66129;7;
0.346154;0.186275;0.156627;0.171779;0.130564;0.184669;0.38051;0.190476;0.354545;0.44186;0.290323;5;
0.384615;0.147059;0.168675;0.0636503;0.0979228;0.149826;0.364269;0.109697;0.218182;0.209302;0.564516;5;
0.230769;0.156863;0.174699;0.194785;0.0890208;0.163763;0.280742;0.155967;0.554545;0.27907;0.483871;8;
0.346154;0.117647;0.259036;0.110429;0.106825;0.087108;0.334107;0.179102;0.427273;0.383721;0.16129;7;
0.25;0.137255;0.180723;0.162577;0.109792;0.1777;0.324826;0.148062;0.445455;0.139535;0.451613;5;
0.576923;0.352941;0.240964;0.0337423;0.0801187;0.114983;0.366589;0.163678;0.227273;0.197674;0.193548;5;
0.384615;0.0490196;0.180723;0.0184049;0.0919881;0.142857;0.394432;0.161751;0.645455;0.22093;0.16129;5;
0.384615;0.235294;0.198795;0.150307;0.0652819;0.156794;0.429234;0.189127;0.318182;0.418605;0.258065;6;
0.326923;0.156863;0.180723;0.00920245;0.0830861;0.0313589;0.199536;0.0391363;0.218182;0.162791;0.725806;6;
0.307692;0.441176;0.0120482;0.00613497;0.0801187;0.12892;0.227378;0.113553;0.436364;0.116279;0.16129;5;
0.480769;0.107843;0.180723;0.0674847;0.0563798;0.111498;0.257541;0.102371;0.2;0.290698;0.516129;5;
0.346154;0.245098;0.156627;0.230061;0.118694;0.226481;0.466357;0.230576;0.309091;0.534884;0.241935;5;
0.173077;0.210784;0.120482;0.0245399;0.118694;0.0557491;0.290023;0.128591;0.445455;0.534884;0.322581;5;
0.25;0.588235;0.156627;0.0429448;0.178042;0.0801394;0.317865;0.122614;0.418182;0.209302;0.209677;5;
0.317308;0.254902;0.192771;0.0214724;0.124629;0.0940767;0.280742;0.123964;0.527273;0.325581;0.387097;6;
0.259615;0.137255;0.192771;0.0245399;0.0563798;0.118467;0.192575;0.0703682;0.5;0.430233;0.629032;7;
0.365385;0.27451;0.295181;0.16411;0.109792;0.296167;0.491879;0.21766;0.263636;0.244186;0.193548;5;
0.317308;0.0784314;0.150602;0.0107362;0.074184;0.0905923;0.264501;0.0846347;0.5;0.383721;0.548387;6;
0.259615;0.0882353;0.198795;0.0122699;0.0563798;0.0418118;0.208817;0.109697;0.463636;0.383721;0.33871;6;
0.375;0.176471;0.186747;0.0107362;0.10089;0.156794;0.338747;0.127048;0.636364;0.325581;0.33871;6;
0.201923;0.147059;0.144578;0.0490798;0.0860534;0.205575;0.331787;0.082514;0.536364;0.325581;0.532258;7;
0.259615;0.0686275;0.26506;0.184049;0.127596;0.219512;0.345708;0.188356;0.490909;0.55814;0.370968;7;
0.278846;0.0588235;0.307229;0.0567485;0.0563798;0.191638;0.266821;0.0896472;0.172727;0.372093;0.435484;7;
0.182692;0.362745;0.253012;0.00766871;0.124629;0.205575;0.436195;0.117409;0.272727;0.209302;0.16129;5;
0.298077;0.137255;0.192771;0.0797546;0.0949555;0.0627178;0.25522;0.112782;0.409091;0.383721;0.516129;6;
0.288462;0.196078;0.361446;0.00766871;0.364985;0.139373;0.273782;0.121265;0.336364;0.255814;0.177419;6;
0.211538;0.176471;0.301205;0.0245399;0.115727;0.198606;0.334107;0.109697;0.327273;0.453488;0.290323;5;
0.375;0.235294;0.36747;0.171779;0.0949555;0.222997;0.415313;0.208791;0.254545;0.372093;0.209677;5;
0.259615;0.117647;0.144578;0.131902;0.103858;0.0801394;0.327146;0.152497;0.454545;0.255814;0.403226;5;
0.326923;0.245098;0.168675;0.0122699;0.074184;0.0836237;0.232019;0.103142;0.509091;0.406977;0.419355;6;
0.298077;0.166667;0.198795;0.00920245;0.0771513;0.114983;0.345708;0.071525;0.272727;0.418605;0.532258;6;
0.25;0.235294;0.138554;0.239264;0.136499;0.118467;0.387471;0.221515;0.490909;0.372093;0.177419;5;
0.346154;0.156863;0.253012;0.205521;0.169139;0.160279;0.438515;0.20802;0.154545;0.232558;0.145161;6;
0.317308;0.176471;0.204819;0.211656;0.172107;0.114983;0.417633;0.221515;0.318182;0.360465;0.177419;7;
0.307692;0.0882353;0.186747;0.0644172;0.074184;0.111498;0.285383;0.140544;0.581818;0.302326;0.258065;7;
0.326923;0.196078;0.228916;0.0214724;0.127596;0.0731707;0.341067;0.078851;0.372727;0.348837;0.5;5;
0.403846;0.156863;0.198795;0.00920245;0.103858;0.0905923;0.213457;0.0624639;0.281818;0.244186;0.725806;6;
0.307692;0.22549;0.174699;0.0122699;0.0830861;0.108014;0.276102;0.0480046;0.363636;0.162791;0.677419;7;
0.375;0.303922;0.168675;0.0659509;0.0771513;0.118467;0.232019;0.0904184;0.427273;0.418605;0.677419;7;
0.259615;0.0980392;0.156627;0.0122699;0.0949555;0.132404;0.306265;0.13476;0.563636;0.581395;0.241935;6;
0.346154;0.323529;0.39759;0.156442;0.124629;0.261324;0.429234;0.202236;0.3;0.27907;0.112903;5;
0.278846;0.382353;0.204819;0.127301;0.10089;0.101045;0.37819;0.179102;0.454545;0.44186;0.193548;5;
0.326923;0.215686;0.180723;0.115031;0.121662;0.132404;0.415313;0.181415;0.390909;0.313953;0.177419;6;
0.115385;0.151961;0.162651;0.171012;0.0623145;0.111498;0.2529;0.159823;0.318182;0.325581;0.225806;6;
0.230769;0.0784314;0.204819;0.0168712;0.0860534;0.289199;0.334107;0.0730673;0.554545;0.744186;0.645161;7;
0.240385;0.392157;0.0240964;0.00766871;0.109792;0.097561;0.208817;0.109697;0.472727;0.162791;0.258065;6;
0.288462;0.235294;0.126506;0.0245399;0.103858;0.0452962;0.136891;0.117409;0.409091;0.197674;0.225806;6;
0.307692;0.205882;0.295181;0.0490798;0.11276;0.121951;0.294664;0.128976;0.209091;0.209302;0.225806;6;
0.0961538;0.176471;0.138554;0.153374;0.074184;0.0731707;0.236659;0.108541;0.672727;0.0697674;0.564516;7;
0.355769;0.205882;0.216867;0.231595;0.121662;0.0940767;0.266821;0.186813;0.309091;0.372093;0.387097;5;
0.259615;0.0490196;0.162651;0.0306748;0.0771513;0.10453;0.155452;0.0827068;0.445455;0.627907;0.537634;6;
0.375;0.0784314;0.216867;0.0812883;0.133531;0.0801394;0.322506;0.167149;0.481818;0.372093;0.354839;6;
0.278846;0.303922;0.144578;0.0322086;0.0237389;0.0696864;0.164733;0.0719105;0.281818;0.174419;0.564516;5;
0.490385;0.254902;0.192771;0.0107362;0.0949555;0.0348432;0.415313;0.157895;0.409091;0.313953;0.241935;5;
0.259615;0.176471;0.144578;0.156442;0.0979228;0.156794;0.280742;0.17139;0.327273;0.209302;0.33871;6;
0.278846;0.156863;0.174699;0.095092;0.0860534;0.181185;0.273782;0.117409;0.554545;0.27907;0.580645;7;
0.278846;0.156863;0.192771;0.128834;0.041543;0.0627178;0.232019;0.106227;0.563636;0.151163;0.741935;6;
0.288462;0.176471;0.198795;0.0138037;0.11276;0.146341;0.366589;0.109697;0.363636;0.255814;0.403226;6;
0.336538;0.156863;0.204819;0.226994;0.121662;0.125436;0.382831;0.215732;0.281818;0.232558;0.16129;6;
0.346154;0.176471;0.259036;0.0828221;0.0385757;0.0696864;0.269142;0.109697;0.372727;0.383721;0.564516;6;
0.307692;0.215686;0.228916;0.219325;0.0682493;0.202091;0.399072;0.215732;0.418182;0.453488;0.209677;7;
0.336538;0.235294;0.289157;0.194785;0.151335;0.191638;0.433875;0.213804;0.290909;0.325581;0.193548;5;
0.269231;0.156863;0.144578;0.122699;0.074184;0.0801394;0.292343;0.16792;0.554545;0.430233;0.370968;6;
0.25;0.333333;0.114458;0.133436;0.10089;0.0905923;0.315545;0.139194;0.463636;0.360465;0.480645;5;
0.490385;0.127451;0.222892;0.00920245;0.0563798;0.0627178;0.194896;0.102757;0.436364;0.174419;0.564516;5;
0.326923;0.205882;0.108434;0.116564;0.0979228;0.135889;0.396752;0.179873;0.4;0.313953;0.177419;5;
0.336538;0.166667;0.174699;0.105828;0.118694;0.125436;0.345708;0.181029;0.645455;0.186047;0.258065;5;
0.288462;0.254902;0.060241;0.0122699;0.118694;0.0940767;0.2529;0.12512;0.445455;0.22093;0.241935;5;
0.375;0.166667;0.180723;0.110429;0.0860534;0.226481;0.433875;0.162714;0.345455;0.325581;0.33871;5;
0.240385;0.196078;0.204819;0.115031;0.0860534;0.146341;0.278422;0.103528;0.490909;0.0813953;0.66129;6;
0.269231;0.176471;0.174699;0.0122699;0.0890208;0.0383275;0.134571;0.0846347;0.3;0.313953;0.467742;6;
0.230769;0.147059;0.216867;0.254601;0.0890208;0.121951;0.280742;0.238095;0.463636;0.244186;0.129032;6;
0.153846;0.156863;0.108434;0.0260736;0.121662;0.0696864;0.315545;0.0956237;0.472727;0.27907;0.370968;5;
0.336538;0.0980392;0.391566;0.0122699;0.109792;0.0905923;0.343387;0.144399;0.554545;0.465116;0.225806;6;
0.240385;0.166667;0.138554;0.219325;0.0890208;0.156794;0.308585;0.191633;0.381818;0.151163;0.274194;6;
0.365385;0.176471;0.216867;0.0153374;0.0682493;0.0139373;0.225058;0.113553;0.390909;0.209302;0.387097;4;
0.182692;0.0980392;0.156627;0.0245399;0.041543;0.0662021;0.199536;0.0422209;0.318182;0.372093;0.693548;6;
0.346154;0.107843;0.180723;0.187117;0.130564;0.162021;0.510441;0.221515;0.381818;0.313953;0.177419;7;
0.288462;0.176471;0.26506;0.116564;0.109792;0.174216;0.403712;0.168305;0.436364;0.337209;0.225806;5;
0.375;0.215686;0.138554;0.0214724;0.175074;0.0905923;0.299304;0.129362;0.354545;0.465116;0.290323;5;
0.336538;0.0882353;0.144578;0.115031;0.332344;0.10453;0.354988;0.153653;0.409091;0.186047;0.387097;8;
0.192308;0.147059;0.120482;0.0214724;0.10089;0.12892;0.336427;0.0992867;0.445455;0.197674;0.354839;6;
0.365385;0.294118;0.120482;0.0429448;0.109792;0.0243902;0.24826;0.140544;0.390909;0.22093;0.225806;5;
0.355769;0.0980392;0.186747;0.170245;0.124629;0.0766551;0.197216;0.190669;0.427273;0.255814;0.241935;7;
0.307692;0.0686275;0.168675;0.216258;0.124629;0.0940767;0.324826;0.208406;0.218182;0.197674;0.16129;7;
0.221154;0.107843;0.222892;0.0306748;0.0949555;0.0766551;0.208817;0.085213;0.418182;0.325581;0.467742;6;
0.278846;0.27451;0.168675;0.118098;0.074184;0.0940767;0.167053;0.0848275;0.218182;0.197674;0.725806;6;
0.307692;0.147059;0.210843;0.0122699;0.0801187;0.101045;0.241299;0.078851;0.4;0.302326;0.451613;7;
0.326923;0.117647;0.228916;0.00613497;0.0830861;0.0662021;0.150812;0.0904184;0.445455;0.174419;0.483871;5;
0.471154;0.137255;0.253012;0.0260736;0.130564;0.087108;0.243619;0.132832;0.245455;0.244186;0.322581;5;
0.211538;0.117647;0.156627;0.216258;0.106825;0.1777;0.269142;0.216985;0.245455;0.546512;0.225806;6;
0.548077;0.127451;0.283133;0.0107362;0.0890208;0.0662021;0.264501;0.169462;0.163636;0.488372;0.241935;5;
0.269231;0.147059;0.108434;0.121166;0.103858;0.198606;0.415313;0.163293;0.4;0.313953;0.241935;5;
0.192308;0.29902;0.150602;0.047546;0.0652819;0.125436;0.262181;0.0803933;0.436364;0.476744;0.516129;6;
0.25;0.0980392;0.289157;0.266871;0.133531;0.188153;0.403712;0.255832;0.236364;0.453488;0.0806452;6;
0.278846;0.127451;0.222892;0.0291411;0.074184;0.114983;0.185615;0.0807789;0.481818;0.325581;0.483871;7;
0.288462;0.0686275;0.246988;0.18865;0.103858;0.270035;0.403712;0.198766;0.472727;0.651163;0.354839;6;
0.192308;0.186275;0.240964;0.00920245;0.198813;0.156794;0.280742;0.0913823;0.372727;0.267442;0.370968;6;
0.182692;0.176471;0.150602;0.150307;0.0326409;0.0174216;0.111369;0.132832;0.609091;0.174419;0.419355;5;
0.326923;0.117647;0.36747;0.239264;0.10089;0.0418118;0.218097;0.223443;0.309091;0.162791;0.193548;6;
0.153846;0.362745;0.162651;0.0889571;0.0712166;0.0627178;0.215777;0.04492;0.454545;0.0581395;0.870968;8;
0.182692;0.147059;0.150602;0.11273;0.0979228;0.0487805;0.229698;0.149412;0.654545;0.453488;0.370968;6;
0.25;0.156863;0.162651;0.0138037;0.0919881;0.114983;0.222738;0.0391363;0.372727;0.0930233;0.709677;6;
0.240385;0.245098;0.120482;0.265337;0.169139;0.118467;0.352668;0.231155;0.381818;0.337209;0.129032;5;
0.326923;0.264706;0.150602;0.0766871;0.0682493;0.0731707;0.257541;0.120108;0.190909;0.511628;0.370968;7;
0.259615;0.0980392;0.289157;0.266871;0.133531;0.188153;0.403712;0.255832;0.236364;0.453488;0.0806452;6;
0.394231;0.0882353;0.192771;0.0153374;0.130564;0.156794;0.327146;0.148255;0.518182;0.627907;0.258065;6;
0.240385;0.215686;0.114458;0.108896;0.118694;0.156794;0.406032;0.15481;0.454545;0.302326;0.241935;5;
0.355769;0.333333;0.120482;0.0122699;0.151335;0.0452962;0.36891;0.140544;0.309091;0.209302;0.225806;6;
0.298077;0.245098;0.186747;0.108896;0.0919881;0.0940767;0.292343;0.0992867;0.354545;0.406977;0.693548;5;
0.259615;0.0980392;0.198795;0.113497;0.124629;0.0487805;0.283063;0.181029;0.509091;0.255814;0.112903;7;
0.384615;0.127451;0.295181;0.0115031;0.127596;0.0139373;0.0904872;0.0769231;0.390909;0.0697674;0.548387;5;
0.394231;0.284314;0.180723;0.0322086;0.0593472;0.216028;0.345708;0.0865626;0.363636;0.430233;0.645161;7;
0.298077;0.196078;0.222892;0.130368;0.0830861;0.0487805;0.155452;0.148255;0.3;0.372093;0.5;5;
0.365385;0.137255;0.204819;0.139571;0.0771513;0.0836237;0.310905;0.181029;0.327273;0.313953;0.290323;6;
0.230769;0.215686;0.253012;0.0245399;0.0801187;0.0905923;0.276102;0.0576441;0.372727;0.186047;0.580645;6;
0.278846;0.166667;0.186747;0.0115031;0.154303;0.0993031;0.484919;0.130519;0.4;0.360465;0.241935;5;
0.317308;0.137255;0.445783;0.0322086;0.103858;0.139373;0.313225;0.0749952;0.536364;0.22093;0.677419;6;
0.25;0.215686;0.271084;0.0444785;0.557864;0.25784;0.396752;0.136688;0.272727;0.197674;0.177419;6;
0.105769;0.382353;0.10241;0.0199387;0.0771513;0.202091;0.322506;0.0487758;0.5;0.151163;0.564516;6;
0.240385;0.196078;0.180723;0.0920245;0.590504;0.202091;0.336427;0.14787;0.345455;0.209302;0.225806;6;
0.259615;0.215686;0.174699;0.0253067;0.0830861;0.0209059;0.466357;0.127048;0.427273;0.465116;0.306452;5;
0.269231;0.455882;0.0240964;0.0291411;0.0652819;0.160279;0.236659;0.0672836;0.381818;0.116279;0.629032;5;
0.192308;0.509804;0;0.0107362;0.103858;0.243902;0.436195;0.0946597;0.763636;0.244186;0.467742;5;
0.125;0.147059;0.108434;0.00613497;0.130564;0.0383275;0.208817;0.0472335;0.454545;0.197674;0.564516;5;
0.25;0.0686275;0.186747;0.00766871;0.103858;0.0801394;0.201856;0.117409;0.745455;0.337209;0.370968;6;
0.230769;0.254902;0.150602;0.17638;0.148368;0.108014;0.37587;0.203971;0.381818;0.395349;0.112903;6;
0.192308;0.107843;0.295181;0.0659509;0.0919881;0.146341;0.2529;0.123193;0.563636;0.186047;0.241935;7;
0.182692;0.323529;0.126506;0.0199387;0.115727;0.097561;0.238979;0.0823212;0.518182;0.383721;0.516129;6;
0.326923;0.313725;0.373494;0.156442;0.0949555;0.236934;0.417633;0.202236;0.327273;0.313953;0.0967742;4;
0.269231;0.127451;0.301205;0.124233;0.0801187;0.135889;0.422274;0.112396;0.218182;0.395349;0.483871;6;
0.528846;0.254902;0.295181;0.102761;0.127596;0.097561;0.317865;0.209948;0.409091;0.453488;0.354839;5;
0.423077;0.186275;0.23494;0.110429;0.0890208;0.163763;0.461717;0.202236;0.536364;0.337209;0.241935;6;
0.298077;0.137255;0.192771;0.0797546;0.0949555;0.0627178;0.25522;0.112782;0.409091;0.383721;0.516129;6;
0.25;0.22549;0.240964;0.0889571;0.0890208;0.12892;0.422274;0.154617;0.381818;0.348837;0.290323;5;
0.413462;0.205882;0.295181;0.0996933;0.0979228;0.0696864;0.266821;0.140544;0.381818;0.22093;0.451613;6;
0.269231;0.176471;0.162651;0.0138037;0.0919881;0.0592334;0.243619;0.112589;0.581818;0.465116;0.403226;6;
0.317308;0.176471;0.192771;0.212423;0.192878;0.0940767;0.227378;0.209948;0.218182;0.232558;0.193548;6;
0.394231;0.117647;0.295181;0.0153374;0.130564;0.0452962;0.313225;0.113553;0.4;0.290698;0.403226;5;
0.173077;0.254902;0.150602;0.0291411;0.109792;0.156794;0.401392;0.0736457;0.445455;0.209302;0.532258;5;
0.211538;0.245098;0.120482;0.0184049;0.0652819;0.163763;0.348028;0.0923463;0.627273;0.360465;0.483871;6;
0.259615;0.0980392;0.246988;0.208589;0.0890208;0.156794;0.278422;0.186428;0.509091;0.581395;0.370968;7;
0.461538;0.22549;0.180723;0.00460123;0.106825;0.0487805;0.232019;0.103721;0.209091;0.197674;0.33871;5;
0.230769;0.205882;0.192771;0.0460123;0.0504451;0.12892;0.299304;0.040293;0.536364;0.174419;0.822581;7;
0.451923;0.0882353;0.295181;0.125767;0.115727;0.0731707;0.229698;0.146327;0.145455;0.139535;0.403226;4;
0.326923;0.156863;0.180723;0.0153374;0.115727;0.087108;0.283063;0.119337;0.481818;0.267442;0.403226;5;
0.336538;0.156863;0.204819;0.105828;0.115727;0.0940767;0.331787;0.175246;0.345455;0.372093;0.16129;5;
0.346154;0.147059;0.228916;0.122699;0.127596;0.135889;0.327146;0.158666;0.309091;0.27907;0.370968;5;
0.403846;0.196078;0.180723;0.119632;0.0623145;0.114983;0.24594;0.0927318;0.190909;0.232558;0.693548;6;
0.211538;0.323529;0.0301205;0.0138037;0.160237;0.0522648;0.257541;0.117409;0.445455;0.395349;0.193548;6;
0.269231;0.147059;0.222892;0.121166;0.0801187;0.15331;0.334107;0.166763;0.436364;0.302326;0.225806;6;
0.298077;0.107843;0.240964;0.0122699;0.0801187;0.0418118;0.106729;0.0730673;0.327273;0.534884;0.564516;7;
0.288462;0.215686;0.210843;0.0337423;0.0860534;0.0278746;0.359629;0.078851;0.336364;0.360465;0.645161;6;
0.201923;0.117647;0.168675;0.187117;0.0860534;0.0940767;0.285383;0.137845;0.536364;0.406977;0.612903;7;
0.423077;0.254902;0.174699;0.0705521;0.198813;0.0592334;0.192575;0.0823212;0.209091;0.197674;0.725806;6;
0.221154;0.352941;0.168675;0.0559816;0.0682493;0.142857;0.285383;0.0865626;0.490909;0.290698;0.526882;7;
0.365385;0.382353;0.295181;0.190184;0.682493;0.139373;0.489559;0.225371;0.218182;0.337209;0.193548;5;
0.375;0.313725;0.162651;0.059816;0.074184;0.087108;0.199536;0.0894544;0.445455;0.430233;0.693548;8;
0.307692;0.0392157;0.168675;0.0874233;0.142433;0.0522648;0.218097;0.165606;0.709091;0.255814;0.258065;5;
0.25;0.0441176;0.216867;0.0122699;0.103858;0.0696864;0.136891;0.0584153;0.390909;0.325581;0.596774;7;
0.259615;0.107843;0.204819;0.0153374;0.0593472;0.12892;0.24826;0.0468479;0.445455;0.534884;0.725806;6;
0.269231;0.205882;0.186747;0.0506135;0.0534125;0.12892;0.201856;0.0624639;0.472727;0.44186;0.741935;8;
0.317308;0.176471;0.180723;0.0214724;0.0652819;0.0383275;0.276102;0.0884905;0.427273;0.313953;0.548387;5;
0.307692;0.147059;0.192771;0.0184049;0.115727;0.0801394;0.241299;0.0846347;0.354545;0.290698;0.5;6;
0.365385;0.235294;0.204819;0.272239;0.133531;0.146341;0.436195;0.263929;0.454545;0.383721;0.16129;5;
0.288462;0.176471;0.204819;0.203988;0.074184;0.12892;0.290023;0.150183;0.554545;0.360465;0.645161;6;
0.25;0.215686;0.180723;0.0253067;0.0860534;0.0209059;0.466357;0.127048;0.436364;0.465116;0.306452;6;
0.298077;0.245098;0.156627;0.0674847;0.0534125;0.15331;0.310905;0.101986;0.481818;0.244186;0.516129;7;
0.240385;0.137255;0.168675;0.0276074;0.0979228;0.125436;0.215777;0.0553306;0.381818;0.174419;0.580645;7;
0.317308;0.27451;0.144578;0.0184049;0.0474777;0.10453;0.215777;0.0614999;0.563636;0.430233;0.774194;6;
0.307692;0.215686;0.168675;0.0245399;0.0979228;0.0662021;0.389791;0.0877193;0.436364;0.406977;0.548387;5;
0.230769;0.117647;0.156627;0.0168712;0.249258;0.132404;0.352668;0.101986;0.654545;0.511628;0.483871;5;
0.0961538;0.0882353;0.168675;0.0352761;0.0623145;0.0696864;0.236659;0.059572;0.6;0.139535;0.532258;7;
0.288462;0.156863;0.174699;0.136503;0.0979228;0.188153;0.343387;0.168691;0.354545;0.337209;0.33871;6;
0.317308;0.147059;0.210843;0.243865;0.0919881;0.202091;0.37587;0.229227;0.4;0.430233;0.177419;6;
0.451923;0.156863;0.283133;0.223926;0.142433;0.132404;0.522042;0.258145;0.272727;0.511628;0.16129;5;
0.365385;0.264706;0.277108;0.216258;0.11276;0.108014;0.329466;0.192404;0.281818;0.360465;0.370968;5;
0.307692;0.156863;0.150602;0.0168712;0.0979228;0.160279;0.417633;0.0942741;0.481818;0.232558;0.548387;6;
0.211538;0.0784314;0.180723;0.0935583;0.10089;0.142857;0.334107;0.154039;0.827273;0.27907;0.419355;5;
0.269231;0.254902;0.108434;0.0889571;0.216617;0.156794;0.535963;0.192597;0.636364;0.302326;0.193548;5;
0.298077;0.245098;0.168675;0.0107362;0.124629;0.121951;0.412993;0.107769;0.5;0.44186;0.370968;5;
0.384615;0.313725;0.295181;0.110429;0.151335;0.111498;0.354988;0.182957;0.490909;0.418605;0.532258;6;
0.259615;0.372549;0.246988;0.248466;0.222552;0.198606;0.4942;0.235011;0.418182;0.418605;0.16129;5;
0.307692;0.147059;0.156627;0.101227;0.0949555;0.0662021;0.187935;0.153846;0.454545;0.383721;0.241935;6;
0.5;0.460784;0.180723;0.115031;0.0504451;0.0418118;0.143852;0.113553;0.2;0.162791;0.612903;5;
0.365385;0.147059;0.156627;0.22546;0.172107;0.10453;0.364269;0.221515;0.281818;0.255814;0.193548;4;
0.298077;0.22549;0.204819;0.104294;0.148368;0.118467;0.382831;0.177174;0.672727;0.465116;0.5;7;
0.25;0.0245098;0.174699;0.00766871;0.0771513;0.146341;0.303944;0.0830923;0.409091;0.383721;0.435484;7;
0.288462;0.612745;0.150602;0.0398773;0.115727;0.0278746;0.111369;0.17139;0.581818;0.348837;0.241935;4;
0.269231;0.0980392;0.210843;0.0138037;0.118694;0.163763;0.306265;0.121265;0.645455;0.732558;0.354839;7;
0.403846;0.27451;0.259036;0.145706;0.130564;0.0940767;0.317865;0.213804;0.618182;0.27907;0.241935;6;
0.259615;0.196078;0.210843;0.226994;0.0979228;0.184669;0.431555;0.206092;0.463636;0.325581;0.258065;6;
0.269231;0.808824;0.114458;0.00306748;0.115727;0.0522648;0.452436;0.121265;0.563636;0.395349;0.322581;5;
0.201923;0.235294;0.114458;0.21319;0.0979228;0.121951;0.24594;0.187584;0.4;0.244186;0.370968;5;
0.240385;0.147059;0.186747;0.0138037;0.0385757;0.0313589;0.169374;0.040293;0.527273;0.209302;0.790323;7;
0.288462;0.127451;0.445783;0.00920245;0.11276;0.0801394;0.236659;0.0865626;0.372727;0.22093;0.435484;6;
0.269231;0.235294;0.162651;0.157975;0.0949555;0.121951;0.317865;0.177174;0.472727;0.290698;0.322581;5;
0.317308;0.147059;0.23494;0.0153374;0.0682493;0.0348432;0.12993;0.0518604;0.481818;0.209302;0.758065;7;
0.403846;0.245098;0.192771;0.0613497;0.0949555;0.101045;0.396752;0.0911895;0.181818;0.604651;0.677419;6;
0.230769;0.284314;0.144578;0.0843558;0.0682493;0.0592334;0.178654;0.0429921;0.290909;0.0465116;0.870968;8;
0.259615;0.176471;0.162651;0.18865;0.103858;0.233449;0.477958;0.184885;0.409091;0.244186;0.322581;6;
0.25;0.504902;0.0843373;0.0705521;0.145401;0.0452962;0.204176;0.154039;0.6;0.162791;0.16129;4;
0.346154;0.166667;0.216867;0.193252;0.172107;0.1777;0.392111;0.202236;0.263636;0.302326;0.16129;6;
0.365385;0.117647;0.180723;0.208589;0.139466;0.1777;0.472158;0.229227;0.381818;0.27907;0.145161;8;
0.269231;0.254902;0.240964;0.115031;0.109792;0.229965;0.37355;0.150954;0.390909;0.325581;0.247312;6;
0.307692;0.127451;0.168675;0.122699;0.106825;0.121951;0.491879;0.159823;0.481818;0.372093;0.387097;6;
0.451923;0.127451;0.246988;0.0567485;0.0801187;0.0766551;0.208817;0.146327;0.418182;0.360465;0.274194;6;
0.355769;0.235294;0.295181;0.0168712;0.0652819;0.146341;0.232019;0.0672836;0.318182;0.27907;0.725806;6;
0.278846;0.333333;0.23494;0.17638;0.0919881;0.205575;0.554524;0.208791;0.536364;0.418605;0.274194;5;
0.307692;0.0784314;0.180723;0.0306748;0.10089;0.111498;0.187935;0.0647773;0.145455;0.290698;0.516129;6;
0.317308;0.0392157;0.180723;0.0383436;0.0267062;0.0452962;0.0649652;0.0564874;0.272727;0.348837;0.629032;7;
0.403846;0.156863;0.156627;0.0168712;0.0712166;0.118467;0.294664;0.116638;0.654545;0.337209;0.387097;7;
0.336538;0.117647;0.174699;0.296012;0.0890208;0.233449;0.529002;0.255639;0.345455;0.302326;0.193548;6;
0.278846;0.0882353;0.301205;0.0230061;0.10089;0.087108;0.262181;0.100058;0.390909;0.267442;0.370968;6;
0.298077;0.127451;0.144578;0.0184049;0.0356083;0.0522648;0.164733;0.0541739;0.390909;0.27907;0.693548;7;
0.25;0.176471;0.253012;0.139571;0.103858;0.097561;0.303944;0.175246;0.418182;0.290698;0.177419;6;
0.307692;0.137255;0.23494;0.0230061;0.136499;0.12892;0.438515;0.154039;0.727273;0.372093;0.354839;6;
0.230769;0.27451;0.271084;0.150307;0.151335;0.0696864;0.406032;0.19279;0.536364;0.395349;0.290323;6;
0.355769;0.205882;0.156627;0.220092;0.172107;0.156794;0.392111;0.217274;0.290909;0.313953;0.193548;4;
0.211538;0.27451;0.23494;0.0398773;0.0534125;0.0627178;0.269142;0.0749952;0.6;0.197674;0.532258;7;
0.25;0.529412;0.0722892;0.0628834;0.151335;0.108014;0.433875;0.162907;0.454545;0.302326;0.145161;5;
0.192308;0.196078;0.204819;0.0245399;0.0830861;0.0766551;0.269142;0.0530172;0.581818;0.127907;0.774194;8;
0.211538;0.117647;0.156627;0.095092;0.118694;0.0696864;0.194896;0.109697;0.390909;0.232558;0.483871;6;
0.298077;0.107843;0.186747;0.286043;0.10089;0.125436;0.366589;0.239638;0.190909;0.348837;0.177419;7;
0.317308;0.205882;0.204819;0.110429;0.0801187;0.163763;0.276102;0.132254;0.445455;0.209302;0.435484;6;
0.298077;0.107843;0.210843;0.197853;0.0860534;0.163763;0.2529;0.160979;0.254545;0.476744;0.435484;6;
0.278846;0.176471;0.307229;0.113497;0.15727;0.167247;0.429234;0.160787;0.372727;0.325581;0.258065;5;
0.192308;0.0980392;0.168675;0.0107362;0.074184;0.0243902;0.197216;0.0734529;0.445455;0.348837;0.516129;6;
0.326923;0.176471;0.240964;0.0874233;0.11276;0.174216;0.37819;0.166185;0.418182;0.360465;0.241935;6;
0.173077;0.107843;0.283133;0.059816;0.0623145;0.0592334;0.238979;0.0981299;0.763636;0.267442;0.516129;6;
0.259615;0;0.198795;0.0199387;0.0563798;0.0731707;0.194896;0.0749952;0.563636;0.55814;0.645161;7;
0.384615;0.176471;0.162651;0.0199387;0.124629;0.174216;0.431555;0.109697;0.463636;0.325581;0.467742;6;
0.221154;0.166667;0.289157;0.233129;0.127596;0.0801394;0.197216;0.206478;0.318182;0.267442;0.193548;6;
0.221154;0.245098;0.180723;0.0368098;0.0801187;0.097561;0.266821;0.0406786;0.536364;0.209302;0.822581;7;
0.240385;0.196078;0.180723;0.0383436;0.0890208;0.0766551;0.24594;0.136688;0.3;0.244186;0.0967742;5;
0.278846;0.147059;0.198795;0.115031;0.115727;0.149826;0.387471;0.146713;0.354545;0.348837;0.33871;6;
0.413462;0.0882353;0.126506;0.0153374;0.0801187;0.0766551;0.25522;0.132061;0.418182;0.348837;0.33871;6;
0.288462;0.147059;0.186747;0.0337423;0.11276;0.132404;0.262181;0.0800077;0.309091;0.488372;0.467742;7;
0.307692;0.196078;0.198795;0.214724;0.10089;0.156794;0.36891;0.236939;0.563636;0.523256;0.129032;6;
0.182692;0.127451;0.222892;0.059816;0.0919881;0.195122;0.303944;0.119722;0.518182;0.465116;0.419355;6;
0.182692;0.156863;0.283133;0.0874233;0.178042;0.114983;0.401392;0.131097;0.354545;0.27907;0.27957;5;
0.288462;0.107843;0.204819;0.0199387;0.0919881;0.135889;0.229698;0.0557162;0.481818;0.267442;0.790323;6;
0.403846;0.362745;0.168675;0.156442;0.124629;0.0801394;0.343387;0.165606;0.309091;0.290698;0.548387;7;
0.394231;0.0588235;0.168675;0.0184049;0.0949555;0.146341;0.392111;0.159823;0.663636;0.244186;0.193548;6;
0.298077;0.52451;0.253012;0.174847;0.172107;0.0766551;0.283063;0.195874;0.427273;0.139535;0.209677;5;
0.221154;0.284314;0.277108;0.174847;0.0979228;0.205575;0.466357;0.190669;0.409091;0.430233;0.274194;6;
0.346154;0.176471;0.259036;0.0828221;0.0385757;0.0696864;0.269142;0.109697;0.372727;0.383721;0.564516;6;
0.230769;0.186275;0.156627;0.17638;0.109792;0.142857;0.273782;0.154039;0.4;0.174419;0.451613;6;
0.365385;0.264706;0.283133;0.194785;0.0830861;0.139373;0.24826;0.214189;0.290909;0.325581;0.193548;5;
0.221154;0.0882353;0.162651;0.0138037;0.139466;0.149826;0.292343;0.101986;0.436364;0.244186;0.354839;6;
0.307692;0.186275;0.174699;0.0506135;0.148368;0.0905923;0.440835;0.173318;0.745455;0.430233;0.370968;5;
0.365385;0.392157;0.198795;0.0981595;0.0445104;0.0418118;0.280742;0.0904184;0.481818;0.267442;0.725806;7;
0.201923;0.205882;0.198795;0.104294;0.0830861;0.195122;0.454756;0.151147;0.490909;0.22093;0.258065;5;
0.0673077;0.107843;0.126506;0.0053681;0.0712166;0.303136;0.348028;0.119722;0.563636;0.232558;0;5;
0.25;0.215686;0.0963855;0.105828;0.121662;0.184669;0.422274;0.169462;0.409091;0.313953;0.16129;5;
0.278846;0.333333;0.277108;0.139571;0.133531;0.226481;0.522042;0.219202;0.463636;0.325581;0.16129;5;
0.336538;0.27451;0.325301;0.194785;0.133531;0.212544;0.426914;0.222286;0.309091;0.313953;0.0967742;4;
0.25;0.186275;0.295181;0.102761;0.109792;0.1777;0.457077;0.163678;0.472727;0.244186;0.193548;6;
0.355769;0.156863;0.174699;0.00766871;0.109792;0.111498;0.174014;0.059572;0.290909;0.197674;0.556452;6;
0.230769;0.117647;0.174699;0.171779;0.0771513;0.0662021;0.194896;0.125892;0.418182;0.139535;0.629032;6;
0.326923;0.156863;0.162651;0.0122699;0.0860534;0.101045;0.262181;0.107769;0.390909;0.27907;0.370968;6;
0.269231;0.186275;0.150602;0.0383436;0.127596;0.135889;0.415313;0.0846347;0.472727;0.209302;0.532258;5;
0.423077;0.254902;0.295181;0.113497;0.109792;0.184669;0.49652;0.17139;0.327273;0.348837;0.435484;6;
0.230769;0.0784314;0.192771;0.00766871;0.0801187;0.250871;0.406032;0.074224;0.454545;0.22093;0.483871;6;
0.221154;0.0245098;0.186747;0.0107362;0.0830861;0.184669;0.315545;0.078851;0.627273;0.22093;0.5;7;
0.326923;0.176471;0.445783;0.199387;0.121662;0.188153;0.354988;0.209948;0.281818;0.255814;0.129032;5;
0.365385;0.196078;0.10241;0.0153374;0.109792;0.0905923;0.25058;0.11124;0.327273;0.244186;0.322581;5;
0.192308;0.127451;0.192771;0.0153374;0.106825;0.125436;0.199536;0.0453056;0.463636;0.837209;0.709677;8;
0.163462;0.0882353;0.138554;0.0352761;0.0890208;0.0278746;0.229698;0.102564;0.509091;0.325581;0.322581;5;
0.375;0.401961;0.60241;0.291411;0.0623145;0.0905923;0.292343;0.196453;0.472727;0.209302;0.645161;6;
0.326923;0.0784314;0.295181;0.0107362;0.0830861;0.087108;0.220418;0.101986;0.463636;0.406977;0.419355;6;
0.326923;0.254902;0.120482;0.0797546;0.15727;0.174216;0.450116;0.144592;0.409091;0.255814;0.290323;6;
0.221154;0.22549;0.204819;0.0337423;0.0979228;0.200348;0.354988;0.0902256;0.5;0.290698;0.451613;6;
0.240385;0.245098;0.253012;0.254601;0.0830861;0.191638;0.37355;0.226142;0.490909;0.406977;0.225806;6;
0.403846;0.0882353;0.174699;0.0276074;0.0593472;0.174216;0.25522;0.04492;0.281818;0.127907;0.790323;6;
0.365385;0.127451;0.295181;0.0291411;0.11276;0.0627178;0.280742;0.0900328;0.390909;0.302326;0.5;5;
0.423077;0.259804;0.60241;0.269939;0.11276;0.184669;0.454756;0.241758;0.218182;0.244186;0.258065;5;
0.346154;0.166667;0.216867;0.193252;0.172107;0.1777;0.392111;0.202236;0.263636;0.302326;0.16129;6;
0.442308;0.117647;0.162651;0.0874233;0.115727;0.097561;0.310905;0.182957;0.481818;0.325581;0.177419;6;
0.326923;0.127451;0.186747;0.15184;0.0771513;0.118467;0.262181;0.14787;0.363636;0.209302;0.419355;6;
0.278846;0.156863;0.186747;0.0260736;0.103858;0.121951;0.241299;0.0582225;0.518182;0.27907;0.790323;6;
0.230769;0.215686;0.186747;0.0153374;0.0771513;0.132404;0.225058;0.0391363;0.490909;0.197674;0.790323;7;
0.384615;0.156863;0.228916;0.0230061;0.145401;0.0418118;0.366589;0.132832;0.445455;0.383721;0.306452;5;
0.336538;0.22549;0.415663;0.147239;0.0949555;0.195122;0.350348;0.204164;0.309091;0.267442;0.0967742;5;
0.125;0.0294118;0.192771;0.0153374;0.0563798;0.0348432;0.187935;0.0572585;0.772727;0.348837;0.677419;6;
0.317308;0.0392157;0.180723;0.0383436;0.0267062;0.0452962;0.0649652;0.0564874;0.272727;0.348837;0.629032;7;
0.259615;0.107843;0.180723;0.00306748;0.10089;0.108014;0.313225;0.12512;0.636364;0.197674;0.177419;6;
0.25;0.0882353;0.180723;0.0337423;0.074184;0.108014;0.269142;0.0850202;0.281818;0.313953;0.387097;6;
0.307692;0.22549;0.23494;0.105828;0.136499;0.139373;0.484919;0.181415;0.590909;0.372093;0.370968;5;
0.259615;0.372549;0.186747;0.0674847;0.0534125;0.0452962;0.146172;0.0875265;0.490909;0.44186;0.564516;7;
0.182692;0.117647;0.144578;0.202454;0.11276;0.146341;0.238979;0.217081;0.227273;0.511628;0.129032;6;
0.25;0.186275;0.180723;0.0153374;0.0919881;0.0592334;0.178654;0.0728745;0.545455;0.5;0.564516;6;
0.288462;0.0980392;0.168675;0.124233;0.11276;0.174216;0.540603;0.155967;0.454545;0.360465;0.403226;6;
0.394231;0.137255;0.144578;0.0613497;0.103858;0.12892;0.348028;0.107769;0.245455;0.0697674;0.564516;6;
0.423077;0.333333;0.174699;0.053681;0.0623145;0.101045;0.211137;0.0769231;0.254545;0.116279;0.774194;7;
0.288462;0.27451;0.192771;0.0153374;0.0890208;0.0278746;0.266821;0.148255;0.527273;0.523256;0.258065;5;
0.269231;0.166667;0.246988;0.104294;0.10089;0.0940767;0.329466;0.144399;0.390909;0.44186;0.354839;7;
0.346154;0.54902;0.283133;0.207822;0.47181;0.139373;0.408353;0.21766;0.163636;0.313953;0.209677;5;
0.25;0.264706;0.168675;0.184049;0.0890208;0.0592334;0.266821;0.15963;0.436364;0.244186;0.419355;6;
0.173077;0.102941;0.295181;0.00766871;0.0623145;0.0905923;0.25058;0.0904184;0.754545;0.267442;0.370968;6;
0.317308;0.303922;0.180723;0.142638;0.0830861;0.0940767;0.266821;0.135531;0.318182;0.232558;0.467742;6;
0.221154;0.137255;0.295181;0.0138037;0.124629;0.0557491;0.180974;0.109697;0.527273;0.27907;0.258065;5;
0.413462;0.196078;0.295181;0.00613497;0.0919881;0.10453;0.322506;0.12512;0.372727;0.22093;0.322581;6;
0.317308;0.186275;0.162651;0.150307;0.0949555;0.0836237;0.243619;0.120301;0.290909;0.348837;0.564516;7;
0.221154;0.137255;0.168675;0.244632;0.148368;0.181185;0.292343;0.183921;0.436364;0.186047;0.403226;5;
0.326923;0.117647;0.180723;0.0214724;0.0890208;0.142857;0.415313;0.0769231;0.527273;0.22093;0.645161;6;
0.326923;0.147059;0.277108;0.0889571;0.0801187;0.0522648;0.176334;0.109505;0.345455;0.651163;0.596774;6;
0.278846;0.22549;0.186747;0.142638;0.0919881;0.0278746;0.385151;0.157895;0.672727;0.383721;0.548387;4;
0.365385;0.147059;0.204819;0.0153374;0.10089;0.0766551;0.278422;0.114517;0.363636;0.55814;0.387097;5;
0.490385;0.176471;0.198795;0.115031;0.0445104;0.156794;0.447796;0.163293;0.372727;0.27907;0.451613;6;
0.326923;0.196078;0.156627;0.182515;0.109792;0.160279;0.394432;0.200308;0.345455;0.348837;0.16129;6;
0.182692;0.171569;0.391566;0.00920245;0.207715;0.0522648;0.296984;0.114903;0.436364;0.232558;0.225806;5;
0.211538;0.406863;0.162651;0.0674847;0.439169;0.0522648;0.278422;0.132061;0.281818;0.162791;0.209677;5;
0.221154;0.166667;0.180723;0.00920245;0.0801187;0.139373;0.227378;0.0749952;0.563636;0.395349;0.451613;7;
0.355769;0.156863;0.186747;0.191718;0.121662;0.0836237;0.396752;0.226142;0.3;0.360465;0.177419;6;
0.211538;0.186275;0.180723;0.216258;0.103858;0.0452962;0.313225;0.184114;0.363636;0.360465;0.370968;6;
0.298077;0.196078;0.246988;0.0168712;0.121662;0.0278746;0.294664;0.113553;0.4;0.569767;0.548387;6;
0.336538;0.166667;0.168675;0.0138037;0.10089;0.0592334;0.241299;0.120879;0.6;0.395349;0.33871;6;
0.230769;0.166667;0.26506;0.233129;0.142433;0.12892;0.366589;0.210719;0.381818;0.337209;0.193548;5;
0.461538;0.0980392;0.240964;0.00766871;0.0919881;0.0627178;0.227378;0.100058;0.2;0.116279;0.354839;7;
0.442308;0.0980392;0.253012;0.0690184;0.0801187;0.0174216;0.157773;0.130904;0.4;0.348837;0.596774;5;
0.365385;0.303922;0.192771;0.0460123;0.0771513;0.0696864;0.194896;0.0834779;0.327273;0.44186;0.725806;7;
0.307692;0.117647;0.186747;0.113497;0.121662;0.0940767;0.473318;0.170619;0.509091;0.406977;0.387097;6;
0.259615;0.137255;0.186747;0.0506135;0.109792;0.0522648;0.225058;0.0746096;0.390909;0.104651;0.564516;5;
0.432692;0.0588235;0.156627;0.0138037;0.118694;0.188153;0.417633;0.144399;0.445455;0.465116;0.241935;6;
0.413462;0.186275;0.210843;0.0168712;0.0623145;0.125436;0.218097;0.104878;0.454545;0.476744;0.387097;8;
0.269231;0.205882;0.26506;0.128834;0.130564;0.209059;0.392111;0.187777;0.272727;0.267442;0.145161;5;
0.307692;0.245098;0.46988;0.142638;0.0979228;0.0662021;0.561485;0.13958;0.263636;0.383721;0.483871;6;
0.259615;0.323529;0.13253;0.0644172;0.127596;0.163763;0.308585;0.144399;0.381818;0.465116;0.193548;5;
0.355769;0.127451;0.204819;0.00920245;0.151335;0.0836237;0.236659;0.115481;0.718182;0.290698;0.435484;6;
0.221154;0.235294;0.198795;0.154908;0.0801187;0.087108;0.206497;0.15616;0.563636;0.348837;0.354839;6;
0.230769;0.186275;0.259036;0.110429;0.139466;0.160279;0.545244;0.163678;0.345455;0.337209;0.16129;6;
0.413462;0.117647;0.216867;0.139571;0.103858;0.212544;0.354988;0.190669;0.345455;0.27907;0.322581;6;
0.278846;0.362745;0.180723;0.0720859;0.0801187;0.087108;0.361949;0.0792366;0.363636;0.27907;0.677419;6;
0.298077;0.117647;0.246988;0.00766871;0.151335;0.118467;0.220418;0.116831;0.245455;0.197674;0.193548;5;
0.221154;0.352941;0.168675;0.0559816;0.0682493;0.142857;0.285383;0.0865626;0.490909;0.290698;0.532258;7;
0.375;0.196078;0.210843;0.22546;0.139466;0.101045;0.25058;0.24465;0.5;0.325581;0.258065;5;
0.278846;0.156863;0.23494;0.0352761;0.486647;0.212544;0.343387;0.127048;0.345455;0.139535;0.225806;6;
0.288462;0.0980392;0.168675;0.00766871;0.0534125;0.10453;0.238979;0.0728745;0.390909;0.267442;0.483871;7;
0.365385;0.254902;0.23494;0.107362;0.0919881;0.149826;0.477958;0.181029;0.354545;0.360465;0.193548;6;
0.519231;0.107843;0.253012;0.0214724;0.11276;0.0487805;0.220418;0.155388;0.336364;0.511628;0.322581;4;
0.25;0.0980392;0.289157;0.0521472;0.525223;0.216028;0.327146;0.142472;0.309091;0.209302;0.209677;5;
0.346154;0.127451;0.180723;0.115031;0.11276;0.0383275;0.243619;0.13476;0.363636;0.151163;0.403226;6;
0.182692;0.156863;0.180723;0.0107362;0.0623145;0.0801394;0.206497;0.0495469;0.590909;0.244186;0.709677;7;
0.269231;0.176471;0.13253;0.269172;0.121662;0.0731707;0.301624;0.229998;0.309091;0.325581;0.193548;5;
0.25;0.0980392;0.168675;0.252301;0.11276;0.1777;0.301624;0.195296;0.481818;0.151163;0.403226;6;
0.269231;0.20098;0.295181;0.165644;0.0771513;0.191638;0.296984;0.196838;0.327273;0.372093;0.145161;6;
0.259615;0.323529;0.13253;0.0644172;0.127596;0.163763;0.308585;0.144399;0.381818;0.465116;0.193548;5;
0.221154;0.196078;0.162651;0.0628834;0.0623145;0.188153;0.303944;0.0638134;0.4;0.232558;0.725806;8;
0.278846;0.196078;0.0843373;0.0122699;0.10089;0.216028;0.348028;0.0942741;0.409091;0.197674;0.322581;5;
0.336538;0.254902;0.13253;0.0122699;0.103858;0.142857;0.387471;0.110854;0.381818;0.27907;0.306452;5;
0.288462;0.137255;0.156627;0.00920245;0.0949555;0.0940767;0.401392;0.0757663;0.290909;0.151163;0.516129;5;
0.144231;0.308824;0.0421687;0.0107362;0.0771513;0.0836237;0.215777;0.0942741;0.709091;0.151163;0.419355;6;
0.336538;0.196078;0.253012;0.211656;0.0919881;0.163763;0.38051;0.236939;0.509091;0.697674;0.16129;7;
0.307692;0.127451;0.253012;0.0720859;0.0830861;0.118467;0.264501;0.117602;0.381818;0.348837;0.467742;6;
0.298077;0.254902;0.216867;0.0122699;0.0682493;0.0383275;0.315545;0.0969732;0.318182;0.348837;0.290323;5;
0.278846;0.166667;0.156627;0.197853;0.151335;0.167247;0.341067;0.206863;0.609091;0.27907;0.306452;6;
0.269231;0.245098;0.186747;0.0107362;0.0326409;0.0940767;0.185615;0.0624639;0.490909;0.255814;0.709677;8;
0.346154;0.235294;0.331325;0.245399;0.139466;0.1777;0.531323;0.28128;0.218182;0.418605;0.112903;6;
0.346154;0.176471;0.186747;0.0276074;0.10089;0.195122;0.392111;0.13476;0.636364;0.534884;0.419355;6;
0.567308;0.0588235;0.355422;0.0138037;0.118694;0.0731707;0.308585;0.167534;0.236364;0.465116;0.241935;5;
0.365385;0.137255;0.168675;0.174847;0.139466;0.229965;0.310905;0.215732;0.245455;0.0930233;0.193548;6;
0.134615;0.509804;0.0421687;0.0981595;0.103858;0.108014;0.320186;0.140544;0.554545;0.418605;0.274194;5;
0.259615;0.137255;0.271084;0.113497;0.130564;0.174216;0.433875;0.169462;0.463636;0.302326;0.177419;6;
0.461538;0.137255;0.198795;0.00920245;0.0652819;0.125436;0.199536;0.101793;0.1;0.104651;0.370968;5;
0.163462;0.0392157;0.198795;0.00613497;0.0860534;0.0731707;0.283063;0.0873337;0.481818;0.267442;0.290323;5;
0.365385;0.0980392;0.168675;0.0996933;0.0949555;0.0940767;0.234339;0.181415;0.436364;0.232558;0.193548;6;
0.403846;0.0980392;0.222892;0.0107362;0.0919881;0.0452962;0.201856;0.078851;0.309091;0.453488;0.66129;6;
0.211538;0.127451;0.180723;0.124233;0.0801187;0.156794;0.273782;0.126663;0.418182;0.197674;0.419355;5;
0.259615;0.294118;0.156627;0.0705521;0.0979228;0.108014;0.238979;0.0686331;0.309091;0.325581;0.693548;7;
0.336538;0.166667;0.216867;0.0230061;0.074184;0.097561;0.389791;0.0721033;0.481818;0.209302;0.629032;8;
0.230769;0.22549;0.138554;0.041411;0.127596;0.111498;0.241299;0.138423;0.4;0.302326;0.0645161;5;
0.355769;0.127451;0.409639;0.157975;0.106825;0.125436;0.287703;0.206092;0.254545;0.162791;0.112903;5;
0.317308;0.254902;0.186747;0.0705521;0.0682493;0.118467;0.303944;0.0877193;0.572727;0.290698;0.693548;7;
0.355769;0.220588;0.228916;0.0122699;0.11276;0.097561;0.199536;0.086177;0.454545;0.348837;0.564516;7;
0.25;0.0588235;0.168675;0.111963;0.142433;0.0662021;0.169374;0.137652;0.490909;0.162791;0.322581;6;
0.375;0.196078;0.198795;0.0935583;0.0830861;0.10453;0.338747;0.154039;0.609091;0.465116;0.435484;7;
0.307692;0.117647;0.204819;0.0782209;0.0771513;0.10453;0.171694;0.109697;0.427273;0.27907;0.564516;6;
0.211538;0.127451;0.228916;0.00306748;0.0326409;0.0696864;0.206497;0.0443416;0.490909;0.116279;0.612903;6;
0.317308;0.0686275;0.204819;0.00613497;0.0712166;0.087108;0.148492;0.0507037;0.472727;0.22093;0.677419;6;
0.336538;0.137255;0.156627;0.0138037;0.0919881;0.10453;0.37819;0.0931174;0.5;0.302326;0.516129;6;
0.269231;0.176471;0.150602;0.168712;0.106825;0.149826;0.392111;0.188934;0.554545;0.244186;0.290323;6;
0.201923;0.147059;0.180723;0.18865;0.133531;0.191638;0.37355;0.194525;0.509091;0.197674;0.225806;5;
0.423077;0.27451;0.174699;0.107362;0.0771513;0.121951;0.262181;0.130904;0.4;0.139535;0.645161;5;
0.451923;0.107843;0.289157;0.00766871;0.0504451;0.0731707;0.113689;0.0911895;0.163636;0.325581;0.403226;6;
0.25;0.0980392;0.186747;0.0153374;0.118694;0.118467;0.273782;0.121265;0.8;0.523256;0.387097;7;
0.25;0.303922;0.126506;0.00920245;0.0949555;0.114983;0.294664;0.0990939;0.390909;0.27907;0.354839;5;
0.346154;0.107843;0.180723;0.187117;0.130564;0.162021;0.510441;0.221515;0.381818;0.313953;0.177419;7;
0.192308;0.215686;0.0722892;0.0153374;0.0801187;0.191638;0.357309;0.101793;0.6;0.430233;0.403226;6;
0.519231;0.0588235;0.222892;0.00766871;0.074184;0.118467;0.174014;0.0819356;0.3;0.383721;0.580645;6;
0.201923;0.196078;0.204819;0.0460123;0.0919881;0.167247;0.429234;0.078851;0.536364;0.348837;0.580645;6;
0.25;0.264706;0.210843;0.0766871;0.074184;0.0243902;0.322506;0.140736;0.409091;0.325581;0.290323;4;
0.365385;0.176471;0.283133;0.0153374;0.175074;0.010453;0.106729;0.140544;0.345455;0.267442;0.258065;5;
0.182692;0.372549;0.277108;0.0122699;0.0919881;0.101045;0.37123;0.117409;0.372727;0.290698;0.129032;5;
0.192308;0.45098;0;0.0122699;0.0712166;0.132404;0.227378;0.0399075;0.490909;0.151163;0.709677;5;
0.288462;0.22549;0.150602;0.15184;0.10089;0.097561;0.361949;0.194525;0.581818;0.383721;0.41129;6;
0.269231;0.176471;0.168675;0.134969;0.0563798;0.0383275;0.259861;0.104685;0.409091;0.139535;0.66129;6;
0.25;0.205882;0.343373;0.00613497;0.151335;0.0452962;0.257541;0.101986;0.309091;0.22093;0.241935;5;
0.230769;0.372549;0.150602;0.0582822;0.169139;0.209059;0.459397;0.130904;0.481818;0.348837;0.290323;5;
0.307692;0.372549;0.23494;0.0858896;0.0890208;0.15331;0.357309;0.109697;0.445455;0.151163;0.677419;7;
0.451923;0.0980392;0.180723;0.00766871;0.0563798;0.111498;0.199536;0.108155;0.1;0.162791;0.322581;4;
0.230769;0.176471;0.192771;0.22546;0.0652819;0.216028;0.408353;0.216696;0.536364;0.453488;0.225806;5;
0.346154;0.127451;0.481928;0.179448;0.0860534;0.261324;0.403712;0.205707;0.209091;0.302326;0.16129;5;
0.278846;0.166667;0.445783;0.288344;0.133531;0.146341;0.37123;0.256217;0.718182;0.267442;0.290323;6;
0.403846;0.460784;0.253012;0.184049;0.599407;0.121951;0.473318;0.225371;0.245455;0.395349;0.209677;5;
0.451923;0.470588;0.445783;0.264571;0.124629;0.170732;0.542923;0.258145;0.245455;0.55814;0.193548;5;
0.298077;0.137255;0.186747;0.0874233;0.0593472;0.135889;0.283063;0.118566;0.327273;0.313953;0.451613;6;
0.307692;0.176471;0.156627;0.156442;0.0890208;0.121951;0.406032;0.207442;0.681818;0.418605;0.370968;7;
0.298077;0.294118;0.150602;0.141104;0.0919881;0.0905923;0.422274;0.192597;0.509091;0.453488;0.193548;5;
0.365385;0.294118;0.168675;0.0552147;0.0593472;0.0174216;0.238979;0.0672836;0.254545;0.22093;0.741935;6;
0.225962;0.127451;0.222892;0.0398773;0.0356083;0.0627178;0.164733;0.0703682;0.609091;0.290698;0.645161;5;
0.461538;0.397059;0.174699;0.053681;0.0504451;0.0592334;0.213457;0.0904184;0.263636;0.186047;0.709677;5;
0.25;0.245098;0.144578;0.141104;0.0949555;0.0940767;0.232019;0.163678;0.518182;0.290698;0.33871;6;
0.288462;0.0784314;0.216867;0.0107362;0.074184;0.10453;0.206497;0.066898;0.272727;0.418605;0.532258;6;
0.432692;0.27451;0.343373;0.220859;0.127596;0.114983;0.573086;0.250434;0.190909;0.488372;0.0967742;5;
0.384615;0.127451;0.23494;0.0184049;0.074184;0.209059;0.396752;0.0749952;0.336364;0.616279;0.741935;8;
0.288462;0.147059;0.253012;0.104294;0.103858;0.188153;0.417633;0.167534;0.454545;0.302326;0.209677;6;
0.201923;0.284314;0.0843373;0.0874233;0.0801187;0.111498;0.408353;0.140544;0.409091;0.476744;0.290323;5;
0.288462;0.54902;0.0481928;0.139571;0.15727;0.0836237;0.308585;0.194525;0.590909;0.27907;0.145161;4;
0.365385;0.107843;0.222892;0.191718;0.0712166;0.174216;0.329466;0.195682;0.418182;0.662791;0.387097;6;
0.413462;0.117647;0.295181;0.115031;0.124629;0.170732;0.454756;0.159823;0.345455;0.348837;0.483871;6;
0.182692;0.127451;0.150602;0.00766871;0.0771513;0.0836237;0.167053;0.059572;0.536364;0.348837;0.548387;6;
0.288462;0.0980392;0.180723;0.187117;0.15727;0.0592334;0.37587;0.21149;0.254545;0.348837;0.16129;7;
0.240385;0.186275;0.277108;0.161043;0.130564;0.146341;0.389791;0.188934;0.418182;0.523256;0.225806;5;
0.298077;0.352941;0.253012;0.121166;0.115727;0.0278746;0.320186;0.198381;0.545455;0.27907;0.241935;6;
0.288462;0.235294;0.108434;0.105828;0.0949555;0.240418;0.49652;0.169462;0.381818;0.22093;0.145161;5;
0.240385;0.254902;0.168675;0.216258;0.11276;0.163763;0.438515;0.204164;0.463636;0.27907;0.241935;5;
0.278846;0.392157;0.192771;0.0122699;0.0356083;0.0696864;0.259861;0.0345094;0.390909;0.360465;0.758065;7;
0.384615;0.196078;0.295181;0.0107362;0.109792;0.087108;0.308585;0.12512;0.336364;0.430233;0.354839;5;
0.201923;0.215686;0.180723;0.0214724;0.0623145;0.125436;0.308585;0.0348949;0.627273;0.22093;0.790323;7;
0.211538;0.166667;0.240964;0.0782209;0.127596;0.188153;0.331787;0.132447;0.4;0.767442;0.403226;6;
0.355769;0.333333;0.204819;0.0567485;0.0919881;0.111498;0.229698;0.0855986;0.381818;0.267442;0.774194;8;
0.221154;0.294118;0.283133;0.0122699;0.124629;0.198606;0.466357;0.115288;0.472727;0.325581;0.258065;5;
0.115385;0.264706;0.150602;0.110429;0.0652819;0.0766551;0.24826;0.102179;0.609091;0.209302;0.532258;6;
0.201923;0.176471;0.174699;0.0736196;0.109792;0.111498;0.24826;0.0989011;0.472727;0.22093;0.548387;6;
0.298077;0.0686275;0.174699;0.0260736;0.0712166;0.0418118;0.169374;0.0811644;0.345455;0.418605;0.516129;7;
0.125;0.264706;0.156627;0.095092;0.074184;0.118467;0.257541;0.0919607;0.6;0.209302;0.564516;6;
0.278846;0.254902;0.186747;0.242331;0.124629;0.0627178;0.317865;0.216503;0.309091;0.372093;0.177419;5;
0.336538;0.137255;0.156627;0.0138037;0.0919881;0.10453;0.37819;0.0931174;0.5;0.302326;0.516129;6;
0.211538;0.254902;0.39759;0.234663;0.109792;0.0836237;0.359629;0.20802;0.381818;0.325581;0.129032;6;
0.336538;0.254902;0.180723;0.134969;0.142433;0.111498;0.392111;0.162522;0.390909;0.255814;0.387097;6;
0.192308;0.156863;0.168675;0.0122699;0.0860534;0.132404;0.155452;0;0.345455;0.0813953;0.951613;7;
0.413462;0.117647;0.295181;0.171779;0.115727;0.15331;0.470998;0.186813;0.336364;0.27907;0.322581;7;
0.375;0.254902;0.349398;0.161043;0.0890208;0.135889;0.329466;0.206092;0.309091;0.313953;0.0967742;5;
0.221154;0.196078;0.162651;0.113497;0.115727;0.135889;0.354988;0.151725;0.445455;0.337209;0.306452;5;
0.25;0.411765;0.120482;0.0276074;0.148368;0.0592334;0.238979;0.116252;0.418182;0.209302;0.193548;6;
0.173077;0.0392157;0.198795;0.0352761;0.103858;0.0662021;0.148492;0.0356661;0.409091;0.116279;0.790323;8;
0.298077;0.0980392;0.216867;0.0107362;0.0801187;0.132404;0.25058;0.121265;0.5;0.848837;0.241935;7;
0.375;0.186275;0.295181;0.0490798;0.0830861;0.15331;0.301624;0.0780798;0.290909;0.186047;0.580645;6;
0.317308;0.401961;0.13253;0.0214724;0.11276;0.503484;0.692575;0.101986;0.472727;0.174419;0.483871;3;
0.432692;0.401961;0.138554;0.0927914;0.074184;0.0139373;0.345708;0.122036;0.3;0.302326;0.516129;5;
0.278846;0.441176;0.174699;0.0567485;0.178042;0.0627178;0.243619;0.0584153;0.454545;0.430233;0.870968;6;
0.201923;0.147059;0.144578;0.0153374;0.0830861;0.10453;0.24594;0.0703682;0.445455;0.337209;0.548387;6;
0.394231;0.127451;0.23494;0.0214724;0.142433;0.0662021;0.299304;0.0896472;0.3;0.348837;0.467742;5;
0.221154;0.196078;0.162651;0.0628834;0.0623145;0.188153;0.303944;0.0638134;0.4;0.232558;0.725806;8;
0.211538;0.137255;0.198795;0.177914;0.0712166;0.0801394;0.204176;0.124349;0.409091;0.232558;0.532258;7;
0.240385;0.127451;0.198795;0.203988;0.109792;0.229965;0.394432;0.192597;0.581818;0.325581;0.387097;6;
0.192308;0.27451;0.301205;0.00613497;0.350148;0.212544;0.392111;0.0965876;0.345455;0.267442;0.274194;5;
0.423077;0.196078;0.253012;0.0184049;0.0652819;0.097561;0.194896;0.0884905;0.336364;0.197674;0.548387;5;
0.192308;0.176471;0.108434;0.00920245;0.0652819;0.132404;0.243619;0.0711394;0.636364;0.209302;0.483871;7;
0.278846;0.0784314;0.222892;0.0107362;0.0801187;0.149826;0.269142;0.0487758;0.427273;0.337209;0.709677;7;
0.298077;0.254902;0.180723;0.0628834;0.0593472;0.111498;0.322506;0.0875265;0.581818;0.313953;0.693548;7;
0.134615;0.279412;0.0481928;0.197853;0.0949555;0.121951;0.308585;0.190669;0.672727;0.197674;0.306452;6;
0.230769;0.0980392;0.180723;0.00613497;0.0652819;0.0731707;0.148492;0.0618855;0.463636;0.348837;0.532258;6;
0.192308;0.107843;0.144578;0.0107362;0.103858;0.125436;0.276102;0.125506;0.954545;0.44186;0.419355;5;
0.307692;0.127451;0.222892;0.101227;0.0979228;0.118467;0.366589;0.167534;0.490909;0.395349;0.290323;6;
0.336538;0.156863;0.204819;0.226994;0.121662;0.125436;0.382831;0.215732;0.281818;0.232558;0.16129;6;
0.105769;0.245098;0.186747;0.00920245;0.0207715;0.12892;0.327146;0.000385579;0.554545;0.430233;0.967742;8;
0.269231;0.254902;0.240964;0.115031;0.109792;0.229965;0.37355;0.150954;0.390909;0.325581;0.25;6;
0.307692;0.362745;0.204819;0.294479;0.0919881;0.0348432;0.134571;0.202236;0.318182;0.186047;0.483871;6;
0.355769;0.147059;0.192771;0.131902;0.0860534;0.181185;0.422274;0.182957;0.290909;0.395349;0.274194;6;
0.269231;0.254902;0.144578;0.041411;0.074184;0.0940767;0.208817;0.0616927;0.345455;0.209302;0.693548;7;
0.365385;0.303922;0.277108;0.170245;0.222552;0.184669;0.37355;0.204743;0.172727;0.337209;0.16129;5;
0.173077;0.0980392;0.162651;0.0168712;0.0623145;0.101045;0.218097;0.0348949;0.572727;0.174419;0.790323;6;
0.317308;0.0392157;0.192771;0.138037;0.133531;0.216028;0.354988;0.175246;0.618182;0.22093;0.225806;5;
0.134615;0.196078;0.174699;0.00766871;0.0563798;0.0557491;0.139211;0.0881049;0.472727;0.372093;0.322581;6;
0.240385;0.186275;0.150602;0.0797546;0.0860534;0.174216;0.338747;0.152111;0.509091;0.186047;0.225806;6;
0.307692;0.156863;0.180723;0.0552147;0.0919881;0.135889;0.473318;0.107769;0.509091;0.313953;0.612903;6;
0.25;0.166667;0.343373;0.00613497;0.15727;0.0662021;0.262181;0.1016;0.254545;0.209302;0.241935;5;
0.230769;0.303922;0.144578;0.0644172;0.0830861;0.149826;0.299304;0.0892616;0.463636;0.244186;0.516129;7;
0.451923;0.147059;0.204819;0.0107362;0.0771513;0.181185;0.234339;0.0896472;0.318182;0.383721;0.483871;7;
0.326923;0.147059;0.23494;0.208589;0.145401;0.163763;0.424594;0.20802;0.236364;0.302326;0.16129;7;
0.461538;0.397059;0.174699;0.053681;0.0504451;0.0592334;0.213457;0.0904184;0.263636;0.186047;0.709677;5;
0.163462;0.254902;0.156627;0.0245399;0.0356083;0.101045;0.25522;0.0401003;0.754545;0.313953;0.806452;8;
0.240385;0.156863;0.13253;0.173313;0.121662;0.219512;0.394432;0.182765;0.309091;0.418605;0.209677;6;
0.163462;0.333333;0.0542169;0.0153374;0.0296736;0.0557491;0.136891;0.0672836;0.554545;0.337209;0.548387;7;
0.317308;0.284314;0.403614;0.15184;0.106825;0.163763;0.338747;0.200308;0.4;0.255814;0.112903;5;
0.355769;0.0588235;0.204819;0.0107362;0.136499;0.167247;0.334107;0.142472;0.518182;0.674419;0.258065;6;
0.288462;0.480392;0.174699;0.0245399;0.0919881;0.0452962;0.157773;0.128976;0.545455;0.604651;0.354839;5;
0.355769;0.147059;0.409639;0.159509;0.11276;0.121951;0.287703;0.206092;0.245455;0.186047;0.129032;5;
0.278846;0.176471;0.174699;0.0996933;0.0801187;0.0905923;0.211137;0.158666;0.327273;0.162791;0.209677;6;
0.326923;0.205882;0.240964;0.107362;0.0445104;0.188153;0.389791;0.109697;0.290909;0.116279;0.564516;6;
0.451923;0.176471;0.126506;0.239264;0.192878;0.135889;0.436195;0.209948;0.272727;0.325581;0.290323;3;
0.25;0.284314;0.114458;0.0444785;0.175074;0.0557491;0.213457;0.121265;0.281818;0.186047;0.16129;6;
0.307692;0.156863;0.204819;0.0122699;0.0652819;0.087108;0.227378;0.0557162;0.309091;0.197674;0.629032;6;
0.307692;0.137255;0.156627;0.131902;0.0534125;0.121951;0.262181;0.0996723;0.309091;0.139535;0.725806;8;
0.326923;0.27451;0.216867;0.0782209;0.0860534;0.0836237;0.206497;0.0827068;0.190909;0.430233;0.725806;7;
0.134615;0.117647;0.162651;0.0398773;0.11276;0.0487805;0.194896;0.101022;0.654545;0.360465;0.33871;7;
0.538462;0.196078;0.180723;0.0153374;0.106825;0.118467;0.301624;0.158666;0.354545;0.313953;0.209677;5;
0.346154;0.0784314;0.295181;0.00920245;0.136499;0.0557491;0.327146;0.0884905;0.463636;0.290698;0.516129;6;
0.192308;0.215686;0.253012;0.00766871;0.0801187;0.0592334;0.241299;0.0308463;0.345455;0.27907;0.741935;7;
0.288462;0.196078;0.259036;0.107362;0.0623145;0.097561;0.234339;0.0873337;0.327273;0.430233;0.725806;8;
0.317308;0.0980392;0.253012;0.0122699;0.106825;0.156794;0.343387;0.0865626;0.209091;0.104651;0.403226;6;
0.403846;0.362745;0.168675;0.156442;0.124629;0.0801394;0.343387;0.165606;0.309091;0.290698;0.548387;7;
0.346154;0.0784314;0.295181;0.00920245;0.136499;0.0557491;0.327146;0.0884905;0.463636;0.290698;0.516129;6;
0.461538;0.284314;0.421687;0.177147;0.0890208;0.0662021;0.345708;0.215732;0.254545;0.593023;0.209677;6;
0.25;0.362745;0.0421687;0.00766871;0.0623145;0.0278746;0.283063;0.0653557;0.227273;0.0697674;0.451613;5;
0.278846;0.54902;0.180723;0.00920245;0.0623145;0.0557491;0.155452;0.040293;0.4;0.44186;0.790323;4;
0.365385;0.22549;0.144578;0.0184049;0.0830861;0.12892;0.327146;0.0807789;0.3;0.255814;0.612903;7;
0.307692;0.480392;0.060241;0.118098;0.252226;0.0731707;0.415313;0.194525;0.618182;0.290698;0.193548;4;
0.201923;0.186275;0.162651;0.128834;0.124629;0.142857;0.294664;0.13476;0.481818;0.360465;0.435484;6;
0.346154;0.470588;0.0542169;0.0138037;0.183976;0.0592334;0.25058;0.15134;0.454545;0.360465;0.290323;5;
0.394231;0.137255;0.228916;0.113497;0.10089;0.15331;0.331787;0.121265;0.363636;0.116279;0.564516;7;
0.326923;0.382353;0.0963855;0.0812883;0.115727;0.0418118;0.269142;0.13823;0.336364;0.313953;0.290323;5;
0.307692;0.362745;0.204819;0.294479;0.0919881;0.0348432;0.134571;0.202236;0.318182;0.186047;0.483871;6;
0.25;0.598039;0.0542169;0.107362;0.103858;0.111498;0.313225;0.148255;0.490909;0.186047;0.33871;6;
0.211538;0.176471;0.198795;0.0575153;0.0919881;0.0452962;0.164733;0.0429921;0.518182;0.325581;0.758065;6;
0.288462;0.127451;0.331325;0.214724;0.130564;0.111498;0.348028;0.210912;0.190909;0.255814;0.193548;5;
0.442308;0.0882353;0.186747;0.0736196;0.127596;0.156794;0.327146;0.157895;0.472727;0.186047;0.290323;5;
0.298077;0.137255;0.259036;0.0889571;0.0979228;0.111498;0.24594;0.112204;0.3;0.337209;0.451613;6;
0.240385;0.147059;0.198795;0.0138037;0.0801187;0.0452962;0.222738;0.0749952;0.545455;0.232558;0.516129;6;
0.269231;0.147059;0.222892;0.121166;0.0801187;0.15331;0.334107;0.166763;0.436364;0.302326;0.225806;6;
0.375;0.196078;0.174699;0.0567485;0.124629;0.0801394;0.308585;0.130904;0.4;0.197674;0.354839;5;
0.125;0.220588;0.0783133;0.017638;0.0801187;0.0522648;0.148492;0.0557162;0.618182;0.337209;0.698925;5;
0.173077;0.264706;0.0843373;0.0674847;0.109792;0.160279;0.438515;0.127048;0.527273;0.569767;0.370968;5;
0.298077;0.235294;0.156627;0.0260736;0.0623145;0.0313589;0.218097;0.0761519;0.309091;0.232558;0.5;6;
0.25;0.156863;0.156627;0.116564;0.133531;0.156794;0.401392;0.159437;0.363636;0.325581;0.241935;5;
0.288462;0.284314;0.168675;0.0199387;0.0445104;0.216028;0.225058;0.0543667;0.663636;0.44186;0.741935;8;
0.269231;0.147059;0.174699;0.212423;0.142433;0.0940767;0.313225;0.201465;0.554545;0.372093;0.354839;6;
0.346154;0.166667;0.168675;0.101994;0.0563798;0.0418118;0.160093;0.1016;0.2;0.174419;0.564516;7;
0.5;0.215686;0.295181;0.101227;0.0890208;0.10453;0.174014;0.128976;0.2;0.116279;0.564516;6;
0.346154;0.166667;0.295181;0.00766871;0.0979228;0.114983;0.341067;0.0884905;0.372727;0.383721;0.532258;5;
0.192308;0.186275;0.13253;0.185583;0.145401;0.139373;0.457077;0.144399;0.545455;0.186047;0.693548;6;
0.298077;0.205882;0.0963855;0.095092;0.074184;0.219512;0.470998;0.161751;0.327273;0.197674;0.16129;6;
0.278846;0.166667;0.138554;0.101227;0.0860534;0.205575;0.489559;0.155967;0.381818;0.151163;0.241935;5;
0.403846;0.166667;0.162651;0.139571;0.0801187;0.0452962;0.176334;0.133989;0.245455;0.162791;0.516129;6;
0.326923;0.176471;0.228916;0.0138037;0.154303;0.0348432;0.257541;0.0927318;0.418182;0.27907;0.387097;5;
0.317308;0.235294;0.192771;0.159509;0.0860534;0.0487805;0.132251;0.127048;0.472727;0.209302;0.564516;3;
0.115385;0.245098;0.0963855;0.0138037;0.118694;0.0278746;0.204176;0.0884905;0.690909;0.255814;0.435484;6;
0.298077;0.294118;0.174699;0.200153;0.115727;0.174216;0.417633;0.206863;0.254545;0.44186;0.241935;6;
0.230769;0.196078;0.13253;0.102761;0.0949555;0.0836237;0.343387;0.165606;0.654545;0.488372;0.290323;7;
0.269231;0.166667;0.210843;0.205521;0.178042;0.139373;0.357309;0.229227;0.763636;0.290698;0.290323;5;
0.25;0.254902;0.138554;0.0874233;0.0890208;0.121951;0.310905;0.140544;0.427273;0.5;0.322581;6;
0.211538;0.22549;0.228916;0.0644172;0.0919881;0.135889;0.213457;0.0495469;0.472727;0.395349;0.822581;6;
0.442308;0.196078;0.240964;0.127301;0.115727;0.108014;0.317865;0.225371;0.618182;0.27907;0.209677;5;
0.317308;0.176471;0.204819;0.211656;0.172107;0.114983;0.417633;0.221515;0.318182;0.360465;0.177419;7;
0.259615;0.117647;0.198795;0.0138037;0.0890208;0.118467;0.234339;0.0572585;0.454545;0.5;0.645161;6;
0.375;0.254902;0.349398;0.161043;0.0890208;0.135889;0.329466;0.206092;0.309091;0.313953;0.0967742;5;
0.326923;0.117647;0.13253;0.0153374;0.103858;0.0522648;0.213457;0.14652;0.590909;0.360465;0.322581;5;
0.336538;0.22549;0.415663;0.147239;0.0949555;0.195122;0.350348;0.204164;0.309091;0.267442;0.0967742;5;
0.317308;0.127451;0.222892;0.0276074;0.0504451;0.0731707;0.211137;0.0614999;0.390909;0.186047;0.548387;7;
0.336538;0.235294;0.138554;0.20092;0.121662;0.163763;0.436195;0.219587;0.436364;0.27907;0.112903;5;
0.298077;0.245098;0.126506;0.00613497;0.130564;0.12892;0.322506;0.107769;0.363636;0.267442;0.225806;6;
0.278846;0.0245098;0.192771;0.180982;0.124629;0.111498;0.225058;0.209948;0.745455;0.267442;0.193548;6;
0.317308;0.147059;0.210843;0.243865;0.0919881;0.202091;0.37587;0.229227;0.4;0.430233;0.177419;6;
0.442308;0.117647;0.228916;0.171779;0.136499;0.170732;0.37355;0.256217;0.563636;0.697674;0.145161;6;
0.346154;0.27451;0.198795;0.0122699;0.0474777;0.087108;0.106729;0.0846347;0.445455;0.127907;0.516129;6;
0.509615;0.196078;0.295181;0.0214724;0.148368;0.0278746;0.238979;0.167534;0.390909;0.27907;0.33871;5;
0.317308;0.0490196;0.174699;0.228528;0.163205;0.188153;0.2471;0.197802;0.4;0.22093;0.274194;7;
0.413462;0.245098;0.216867;0.104294;0.0830861;0.118467;0.341067;0.169848;0.427273;0.372093;0.419355;6;
0.346154;0.107843;0.180723;0.187117;0.130564;0.162021;0.510441;0.221515;0.381818;0.313953;0.177419;7;
0.413462;0.156863;0.228916;0.0567485;0.103858;0.163763;0.37819;0.17139;0.590909;0.604651;0.451613;6;
0.0576923;0.372549;0.060241;0.0337423;0.0445104;0.101045;0.236659;0.0202429;0.690909;0.139535;0.822581;6;
0.134615;0.25;0.120482;0.0168712;0.0712166;0.0522648;0.150812;0.0561018;0.563636;0.302326;0.693548;6;
0.288462;0.0980392;0.180723;0.187117;0.15727;0.0592334;0.37587;0.21149;0.254545;0.348837;0.16129;7;
0.269231;0.245098;0.144578;0.236963;0.106825;0.101045;0.320186;0.214189;0.327273;0.348837;0.193548;5;
0.25;0.254902;0.26506;0.116564;0.10089;0.181185;0.445476;0.161943;0.418182;0.302326;0.241935;5;
0.298077;0.186275;0.240964;0.205521;0.121662;0.216028;0.5058;0.20802;0.418182;0.418605;0.258065;6;
0.173077;0.107843;0.23494;0.00766871;0.10089;0.0522648;0.134571;0.0904184;0.463636;0.360465;0.370968;6;
0.221154;0.0784314;0.162651;0.184049;0.163205;0.212544;0.354988;0.236939;0.854545;0.244186;0.145161;5;
0.355769;0.264706;0.222892;0.0291411;0.169139;0.0940767;0.185615;0.0487758;0.381818;0.232558;0.758065;6;
0.403846;0.147059;0.246988;0.00766871;0.115727;0.114983;0.327146;0.0881049;0.336364;0.290698;0.516129;5;
0.288462;0.196078;0.26506;0.133436;0.0652819;0.114983;0.296984;0.144399;0.4;0.162791;0.387097;6;
0.355769;0.0882353;0.26506;0.16411;0.109792;0.219512;0.317865;0.190669;0.409091;0.267442;0.322581;6;
0.278846;0.117647;0.144578;0.0904908;0.103858;0.0905923;0.211137;0.122807;0.363636;0.127907;0.354839;6;
0.25;0.22549;0.168675;0.0291411;0.0890208;0.111498;0.296984;0.0453056;0.454545;0.186047;0.758065;6;
0.25;0.245098;0.180723;0.101227;0.0949555;0.139373;0.36891;0.11953;0.454545;0.313953;0.5;6;
0.326923;0.147059;0.192771;0.121166;0.145401;0.156794;0.410673;0.163678;0.427273;0.209302;0.306452;6;
0.336538;0.166667;0.23494;0.0889571;0.074184;0.0209059;0.174014;0.136688;0.418182;0.27907;0.564516;5;
0.317308;0.196078;0.114458;0.110429;0.0919881;0.160279;0.406032;0.167341;0.4;0.325581;0.225806;5;
0.384615;0.196078;0.186747;0.0230061;0.109792;0.0905923;0.461717;0.139387;0.463636;0.488372;0.290323;5;
0.346154;0.0882353;0.240964;0.0751534;0.0830861;0.111498;0.352668;0.123193;0.3;0.465116;0.564516;4;
0.173077;0.401961;0.0783133;0.059816;0.0890208;0.0522648;0.24826;0.0692115;0.636364;0.790698;0.919355;7;
0.221154;0.215686;0.180723;0.0230061;0.0652819;0.167247;0.357309;0.0460767;0.609091;0.244186;0.758065;7;
0.346154;0.156863;0.253012;0.205521;0.169139;0.160279;0.438515;0.20802;0.154545;0.232558;0.145161;6;
0.25;0.166667;0.180723;0.0751534;0.0860534;0.0452962;0.278422;0.148255;0.381818;0.313953;0.258065;6;
0.211538;0.176471;0.174699;0.0383436;0.0949555;0.121951;0.313225;0.04492;0.454545;0.197674;0.774194;7;
0.269231;0.215686;0.180723;0.0644172;0.477745;0.202091;0.364269;0.144399;0.418182;0.290698;0.225806;5;
0.307692;0.0784314;0.156627;0.102761;0.11276;0.097561;0.489559;0.175631;0.6;0.418605;0.33871;6;
0.403846;0.284314;0.186747;0.0628834;0.0860534;0.00348432;0.273782;0.0915751;0.163636;0.581395;0.66129;5;
0.346154;0.107843;0.295181;0.133436;0.0623145;0.0836237;0.285383;0.132832;0.245455;0.116279;0.483871;7;
0.269231;0.0784314;0.343373;0.00766871;0.35905;0.195122;0.303944;0.107769;0.363636;0.197674;0.209677;7;
0.201923;0.328431;0.0783133;0.0122699;0.0919881;0.0313589;0.12761;0.0981299;0.518182;0.348837;0.403226;5;
0.336538;0.166667;0.216867;0.191718;0.121662;0.114983;0.443155;0.221515;0.290909;0.27907;0.145161;7;
0.192308;0.215686;0.228916;0.0659509;0.0890208;0.0696864;0.178654;0.048583;0.463636;0.418605;0.822581;7;
0.298077;0.656863;0.0783133;0.0874233;0.0801187;0.0592334;0.0951276;0.115867;0.336364;0.0348837;0.5;4;
0.259615;0.0980392;0.198795;0.0122699;0.0593472;0.114983;0.299304;0.0776942;0.581818;0.44186;0.564516;7;
0.173077;0.323529;0.144578;0.0199387;0.074184;0.0278746;0.102088;0.0200501;0.545455;0.325581;0.887097;7;
0.336538;0.235294;0.174699;0.0138037;0.0860534;0.10453;0.313225;0.112782;0.436364;0.383721;0.451613;5;
0.317308;0.27451;0.337349;0.0107362;0.109792;0.0801394;0.215777;0.100058;0.472727;0.127907;0.403226;6;
0.317308;0.127451;0.198795;0.00920245;0.0890208;0.111498;0.204176;0.0773087;0.354545;0.616279;0.516129;6;
0.288462;0.166667;0.108434;0.0122699;0.139466;0.0383275;0.296984;0.123193;0.354545;0.232558;0.241935;5;
0.230769;0.127451;0.156627;0.191718;0.121662;0.198606;0.327146;0.20455;0.536364;0.27907;0.16129;5;
0.326923;0.303922;0.325301;0.0122699;0.439169;0.111498;0.285383;0.142279;0.354545;0.360465;0.16129;6;
0.288462;0.22549;0.180723;0.113497;0.0563798;0.108014;0.262181;0.0873337;0.372727;0.476744;0.741935;7;
0.259615;0.166667;0.162651;0.257669;0.163205;0.0940767;0.303944;0.205321;0.436364;0.313953;0.33871;6;
0.298077;0.264706;0.331325;0.17408;0.0860534;0.0696864;0.236659;0.188163;0.354545;0.0813953;0.274194;5;
0.288462;0.127451;0.216867;0.268405;0.109792;0.10453;0.287703;0.248506;0.5;0.302326;0.129032;5;
0.259615;0.352941;0.295181;0.108896;0.106825;0.0487805;0.37123;0.165606;0.354545;0.174419;0.112903;6;
0.413462;0.411765;0.283133;0.00766871;0.0830861;0.0731707;0.271462;0.128976;0.445455;0.232558;0.467742;5;
0.259615;0.117647;0.210843;0.0506135;0.0919881;0.087108;0.303944;0.0753808;0.236364;0.360465;0.612903;6;
0.230769;0.107843;0.174699;0.0567485;0.106825;0.108014;0.271462;0.182572;0.418182;0.232558;0.209677;6;
0.278846;0.147059;0.198795;0.0184049;0.0801187;0.0731707;0.201856;0.103914;0.545455;0.209302;0.451613;6;
0.298077;0.313725;0.253012;0.0858896;0.169139;0.135889;0.387471;0.162136;0.363636;0.372093;0.225806;5;
0.355769;0.196078;0.246988;0.0107362;0.103858;0.0313589;0.271462;0.112204;0.509091;0.267442;0.370968;5;
0.442308;0.147059;0.295181;0.110429;0.0771513;0.0696864;0.199536;0.123193;0.290909;0.139535;0.645161;6;
0.230769;0.137255;0.180723;0.180982;0.133531;0.369338;0.331787;0.196067;0.345455;0.290698;0.241935;6;
0.259615;0.245098;0.228916;0.0291411;0.11276;0.097561;0.322506;0.0487758;0.409091;0.244186;0.758065;6;
0.278846;0.166667;0.216867;0.122699;0.0830861;0.212544;0.457077;0.162329;0.418182;0.325581;0.258065;5;
0.375;0.176471;0.307229;0.0306748;0.106825;0.0836237;0.348028;0.0800077;0.254545;0.325581;0.516129;6;
0.355769;0.0490196;0.228916;0.00766871;0.041543;0.139373;0.220418;0.0773087;0.509091;0.360465;0.612903;6;
0.25;0.0784314;0.222892;0.0138037;0.0830861;0.087108;0.232019;0.122229;0.6;0.325581;0.290323;6;
0.201923;0.166667;0.114458;0.180982;0.11276;0.167247;0.354988;0.196453;0.572727;0.186047;0.241935;5;
0.278846;0.0980392;0.222892;0.0107362;0.0534125;0.139373;0.269142;0.043956;0.472727;0.174419;0.774194;7;
0.346154;0.0784314;0.180723;0.20092;0.139466;0.108014;0.36891;0.214768;0.163636;0.255814;0.112903;7;
0.326923;0.176471;0.180723;0.0230061;0.0712166;0.167247;0.345708;0.0730673;0.554545;0.244186;0.66129;7;
0.288462;0.0392157;0.180723;0.18865;0.118694;0.10453;0.183295;0.181801;0.436364;0.151163;0.306452;6;
0.423077;0.333333;0.174699;0.053681;0.0623145;0.101045;0.211137;0.0769231;0.254545;0.116279;0.774194;7;
0.269231;0.294118;0.168675;0.0337423;0.10089;0.0522648;0.134571;0.0410642;0.445455;0.290698;0.83871;6;
0.221154;0.27451;0.156627;0.115798;0.0771513;0.0418118;0.183295;0.0616927;0.309091;0.0581395;0.806452;7;
0.211538;0.196078;0.150602;0.0184049;0.0979228;0.0209059;0.229698;0.111625;0.327273;0.383721;0.16129;5;
0.326923;0.235294;0.198795;0.0122699;0.0593472;0.0940767;0.232019;0.059572;0.390909;0.337209;0.774194;7;
0.557692;0.166667;0.325301;0.0107362;0.0919881;0.0487805;0.350348;0.128976;0.2;0.244186;0.403226;5;
0.394231;0.127451;0.240964;0.00920245;0.0890208;0.125436;0.227378;0.0942741;0.445455;0.372093;0.451613;6;
0.173077;0.176471;0.162651;0.153374;0.0623145;0.087108;0.25522;0.146327;0.618182;0.139535;0.435484;7;
0.134615;0.0784314;0.204819;0.00306748;0.0593472;0.0836237;0.157773;0.0855986;0.481818;0.337209;0.33871;6;
0.240385;0.117647;0.156627;0.0153374;0.0534125;0.118467;0.306265;0.107384;0.736364;0.395349;0.451613;6;
0.269231;0.137255;0.319277;0.222393;0.127596;0.0696864;0.294664;0.221515;0.2;0.151163;0.225806;5;
0.230769;0.666667;0.0060241;0.0398773;0.0949555;0.0557491;0.257541;0.0607287;0.436364;0.837209;0.919355;7;
0.317308;0.284314;0.180723;0.0858896;0.0919881;0.163763;0.301624;0.0597648;0.409091;0.0581395;0.903226;6;
0.413462;0.22549;0.144578;0.0153374;0.0682493;0.0278746;0.134571;0.101986;0.327273;0.290698;0.403226;5;
0.480769;0.264706;0.295181;0.00613497;0.0801187;0.0418118;0.109049;0.0942741;0.218182;0.127907;0.403226;4;
0.365385;0.196078;0.23494;0.00920245;0.0860534;0.0662021;0.24594;0.132832;0.4;0.523256;0.322581;6;
0.269231;0.137255;0.168675;0.175613;0.145401;0.0801394;0.269142;0.220744;0.663636;0.267442;0.225806;5;
0.192308;0.230392;0.162651;0.0145706;0.0504451;0.0452962;0.141531;0.0545595;0.590909;0.209302;0.629032;8;
0.211538;0.27451;0.192771;0.00766871;0.130564;0.0836237;0.38051;0.135531;0.6;0.372093;0.129032;5;
0.307692;0.235294;0.162651;0.0996933;0.0534125;0.121951;0.262181;0.0875265;0.390909;0.44186;0.741935;7;
0.346154;0.156863;0.216867;0.0214724;0.0652819;0.087108;0.301624;0.0663196;0.509091;0.302326;0.725806;9;
0.25;0.0686275;0.174699;0.0184049;0.103858;0.0662021;0.24594;0.0877193;0.345455;0.186047;0.354839;5;
0.317308;0.117647;0.186747;0.0958589;0.130564;0.10453;0.468677;0.168884;0.536364;0.430233;0.387097;6;
0.307692;0.166667;0.174699;0.223926;0.11276;0.132404;0.37587;0.213804;0.454545;0.267442;0.209677;5;
0.269231;0.147059;0.180723;0.219325;0.124629;0.108014;0.2529;0.216696;0.290909;0.372093;0.16129;6;
0.384615;0.166667;0.204819;0.20092;0.103858;0.222997;0.406032;0.243879;0.454545;0.616279;0.145161;5;
0.211538;0.0784314;0.180723;0.0935583;0.10089;0.142857;0.334107;0.154039;0.827273;0.27907;0.419355;5;
0.240385;0.196078;0.283133;0.162577;0.0919881;0.205575;0.403712;0.169848;0.363636;0.337209;0.241935;6;
0.192308;0.215686;0.0542169;0.0874233;0.0979228;0.118467;0.299304;0.129362;0.390909;0.302326;0.274194;5;
0.326923;0.147059;0.23494;0.0260736;0.0712166;0.0940767;0.215777;0.0711394;0.490909;0.372093;0.693548;7;
0.307692;0.186275;0.289157;0.0843558;0.0979228;0.202091;0.406032;0.164835;0.436364;0.325581;0.225806;6;
0.336538;0.196078;0.325301;0.18865;0.118694;0.209059;0.356148;0.21766;0.309091;0.267442;0.177419;6;
0.240385;0.0784314;0.13253;0.0107362;0.109792;0.0557491;0.132251;0.114903;0.809091;0.383721;0.370968;6;
0.230769;0.254902;0.168675;0.105828;0.074184;0.132404;0.436195;0.149219;0.381818;0.44186;0.274194;5;
0.307692;0.0980392;0.156627;0.0122699;0.103858;0.15331;0.185615;0.10507;0.609091;0.302326;0.435484;7;
0.298077;0.0490196;0.168675;0.194785;0.121662;0.156794;0.285383;0.181993;0.563636;0.232558;0.33871;6;
0.269231;0.303922;0.23494;0.173313;0.142433;0.170732;0.491879;0.21978;0.490909;0.337209;0.145161;6;
0.269231;0.235294;0.144578;0.0107362;0.151335;0.141115;0.452436;0.154425;0.790909;0.337209;0.193548;5;
0.365385;0.235294;0.349398;0.247699;0.121662;0.142857;0.357309;0.246578;0.390909;0.372093;0.193548;5;
0.346154;0.215686;0.13253;0.0122699;0.109792;0.0487805;0.292343;0.109697;0.327273;0.639535;0.387097;7;
0.230769;0.0392157;0.204819;0.0138037;0.106825;0.142857;0.25058;0.130904;0.636364;0.337209;0.16129;6;
0.211538;0.107843;0.156627;0.0122699;0.0890208;0.097561;0.220418;0.0553306;0.545455;0.22093;0.709677;6;
0.211538;0.176471;0.108434;0.0981595;0.136499;0.167247;0.429234;0.169655;0.445455;0.244186;0.16129;5;
0.25;0.235294;0.186747;0.0199387;0.0830861;0.111498;0.271462;0.0557162;0.309091;0.267442;0.612903;6;
0.346154;0.166667;0.216867;0.0222393;0.121662;0.101045;0.211137;0.0942741;0.427273;0.255814;0.451613;6;
0.365385;0.107843;0.246988;0.00766871;0.0919881;0.125436;0.310905;0.0692115;0.181818;0.232558;0.548387;5;
0.221154;0.186275;0.259036;0.105828;0.118694;0.219512;0.542923;0.165606;0.363636;0.290698;0.16129;5;
0.288462;0.245098;0.186747;0.104294;0.106825;0.111498;0.310905;0.0992867;0.309091;0.383721;0.677419;6;
0.326923;0.156863;0.204819;0.00766871;0.106825;0.00348432;0.12761;0.0807789;0.463636;0.337209;0.548387;5;
0.173077;0.264706;0.222892;0.00613497;0.0860534;0.0139373;0.146172;0.059572;0.590909;0.139535;0.548387;5;
0.384615;0.0784314;0.246988;0.0168712;0.0504451;0.0940767;0.303944;0.0749952;0.272727;0.651163;0.725806;6;
0.365385;0.117647;0.156627;0.0644172;0.0712166;0.0836237;0.155452;0.0703682;0.236364;0.313953;0.693548;7;
0.298077;0.323529;0.13253;0.0552147;0.0652819;0.0278746;0.215777;0.113553;0.254545;0.744186;0.580645;4;
0.269231;0.0392157;0.150602;0.0122699;0.0890208;0.0662021;0.283063;0.0776942;0.436364;0.267442;0.516129;7;
0.365385;0.107843;0.246988;0.00766871;0.0919881;0.125436;0.310905;0.0692115;0.181818;0.232558;0.548387;5;
0.25;0.294118;0.156627;0.116564;0.10089;0.0905923;0.206497;0.100829;0.245455;0.104651;0.548387;6;
0.346154;0.107843;0.186747;0.21319;0.106825;0.12892;0.426914;0.221515;0.345455;0.325581;0.193548;6;
0.173077;0.176471;0;0.147239;0.0860534;0.0383275;0.236659;0.116445;0.654545;0.27907;0.709677;6;
0.134615;0.156863;0.0903614;0.0996933;0.10089;0.10453;0.290023;0.128591;0.472727;0.302326;0.306452;6;
0.355769;0.215686;0.427711;0.0107362;0.448071;0.146341;0.324826;0.148255;0.327273;0.232558;0.145161;5;
0.384615;0.186275;0.349398;0.162577;0.0801187;0.146341;0.352668;0.204164;0.309091;0.22093;0.145161;6;
0.336538;0.0735294;0.295181;0.0107362;0.0890208;0.111498;0.294664;0.105842;0.381818;0.639535;0.403226;6;
0.509615;0.196078;0.295181;0.0214724;0.148368;0.0278746;0.238979;0.167534;0.390909;0.27907;0.33871;5;
0.471154;0.147059;0.192771;0.196319;0.103858;0.114983;0.37123;0.243686;0.363636;0.290698;0.129032;7;
0.230769;0.127451;0.228916;0.095092;0.0801187;0.216028;0.547564;0.154039;0.309091;0.162791;0.209677;6;
0.211538;0.196078;0.313253;0.0858896;0.0563798;0.121951;0.220418;0.0867553;0.509091;0.337209;0.612903;7;
0.346154;0.176471;0.186747;0.107362;0.11276;0.174216;0.389791;0.175246;0.372727;0.267442;0.145161;6;
0.384615;0.215686;0.174699;0.249233;0.133531;0.0731707;0.292343;0.24465;0.4;0.186047;0.16129;6;
0.211538;0.0882353;0.126506;0.0828221;0.121662;0.0836237;0.290023;0.130904;0.327273;0.372093;0.290323;6;
0.259615;0.264706;0.186747;0.147239;0.178042;0.195122;0.37355;0.189127;0.418182;0.313953;0.225806;5;
0.173077;0.0686275;0.186747;0.0720859;0.0860534;0.0209059;0.162413;0.100058;0.527273;0.197674;0.403226;6;
0.346154;0.127451;0.180723;0.111963;0.0890208;0.0418118;0.2529;0.136688;0.218182;0.139535;0.387097;5;
0.336538;0.137255;0.240964;0.217025;0.0979228;0.148084;0.279582;0.24465;0.581818;0.22093;0.177419;7;
0.355769;0.176471;0.180723;0.0613497;0.0534125;0.0940767;0.192575;0.0721033;0.390909;0.186047;0.645161;7;
0.346154;0.0686275;0.253012;0.0168712;0.106825;0.163763;0.336427;0.0942741;0.254545;0.44186;0.387097;6;
0.269231;0.529412;0.120482;0.124233;0.109792;0.275261;0.49884;0.172354;0.409091;0.255814;0.209677;5;
0.192308;0.303922;0.283133;0.105828;0.0534125;0.0348432;0.183295;0.0692115;0.6;0.267442;0.967742;6;
0.240385;0.0490196;0.253012;0.00766871;0.10089;0.212544;0.317865;0.0684403;0.372727;0.581395;0.516129;7;
0.384615;0.196078;0.192771;0.128834;0.0801187;0.111498;0.24594;0.155967;0.409091;0.197674;0.370968;7;
0.25;0.0686275;0.26506;0.00920245;0.10089;0.226481;0.327146;0.0692115;0.381818;0.593023;0.516129;7;
0.346154;0.215686;0.192771;0.0168712;0.0623145;0.0731707;0.276102;0.111625;0.409091;0.511628;0.467742;5;
0.240385;0.205882;0.0843373;0.0989264;0.106825;0.167247;0.389791;0.16445;0.463636;0.232558;0.16129;5;
0.326923;0.0882353;0.204819;0.0889571;0.0979228;0.0487805;0.236659;0.109312;0.245455;0.209302;0.451613;6;
0.288462;0.127451;0.162651;0.269172;0.0979228;0.135889;0.317865;0.250434;0.527273;0.162791;0.112903;5;
0.288462;0.0980392;0.192771;0.101227;0.11276;0.0522648;0.232019;0.151725;0.636364;0.255814;0.387097;6;
0.298077;0.107843;0.198795;0.0153374;0.0890208;0.087108;0.206497;0.0518604;0.336364;0.27907;0.693548;7;
0.278846;0.117647;0.246988;0.130368;0.103858;0.167247;0.364269;0.159823;0.381818;0.418605;0.290323;6;
0.259615;0.196078;0.204819;0.0460123;0.0919881;0.0940767;0.259861;0.0771159;0.509091;0.302326;0.66129;7;
0.480769;0.303922;0.210843;0.0184049;0.25816;0.0696864;0.164733;0.0588008;0.209091;0.372093;0.741935;6;
0.230769;0.196078;0.246988;0.0674847;0.10089;0.167247;0.415313;0.117023;0.463636;0.488372;0.451613;6;
0.298077;0.127451;0.487952;0.00766871;0.379822;0.174216;0.264501;0.117409;0.281818;0.197674;0.193548;6;
0.211538;0.5;0;0.00306748;0.0830861;0.097561;0.199536;0.0618855;0.345455;0.209302;0.467742;4;
0.461538;0.460784;0.210843;0.229294;0.142433;0.116725;0.829466;0.250434;0.290909;0.476744;0.483871;3;
0.211538;0.156863;0.162651;0.0199387;0.115727;0.132404;0.37355;0.128976;0.836364;0.372093;0.322581;7;
0.211538;0.107843;0.156627;0.180982;0.115727;0.167247;0.320186;0.194525;0.527273;0.162791;0.145161;6;
0.230769;0.235294;0.0722892;0.0644172;0.133531;0.0139373;0.204176;0.137459;0.4;0.325581;0.209677;5;
0.259615;0.215686;0.192771;0.0214724;0.103858;0.111498;0.187935;0.0913823;0.590909;0.534884;0.483871;7;
0.278846;0.235294;0.192771;0.0168712;0.0652819;0.101045;0.243619;0.0453056;0.363636;0.151163;0.725806;6;
0.317308;0.264706;0.162651;0.0383436;0.074184;0.0905923;0.290023;0.0499325;0.490909;0.186047;0.822581;7;
0.230769;0.27451;0.156627;0.193252;0.124629;0.181185;0.445476;0.202236;0.481818;0.27907;0.16129;5;
0.355769;0.245098;0.168675;0.0659509;0.0979228;0.0662021;0.338747;0.12994;0.581818;0.406977;0.467742;6;
0.259615;0.294118;0.204819;0.0429448;0.0801187;0.111498;0.443155;0.127048;0.381818;0.627907;0.322581;5;
0.365385;0.186275;0.174699;0.0291411;0.148368;0.121951;0.24594;0.118951;0.336364;0.174419;0.290323;5;
0.307692;0.235294;0.174699;0.107362;0.0474777;0.114983;0.266821;0.0869481;0.390909;0.5;0.774194;7;
0.134615;0.22549;0.216867;0.0690184;0.0652819;0.15331;0.315545;0.0499325;0.381818;0.104651;0.709677;7;
0.25;0.205882;0.343373;0.00613497;0.151335;0.0452962;0.257541;0.101986;0.309091;0.22093;0.241935;5;
0.384615;0.156863;0.192771;0.177914;0.133531;0.139373;0.299304;0.21766;0.263636;0.372093;0.129032;5;
0.278846;0.215686;0.174699;0.0337423;0.0474777;0.121951;0.227378;0.0863698;0.536364;0.476744;0.532258;7;
0.442308;0.490196;0.162651;0.177147;0.0712166;0.121951;0.24826;0.169462;0.245455;0.197674;0.451613;6;
0.394231;0.372549;0.240964;0.145706;0.47181;0.0592334;0.406032;0.206478;0.309091;0.465116;0.241935;5;
0.432692;0.0686275;0.23494;0.0107362;0.136499;0.10453;0.317865;0.113553;0.327273;0.197674;0.403226;6;
0.230769;0.27451;0.192771;0.0521472;0.0801187;0.146341;0.192575;0.0433777;0.436364;0.325581;0.854839;7;
0.288462;0.137255;0.186747;0.0966258;0.0830861;0.108014;0.259861;0.0896472;0.272727;0.197674;0.629032;8;
0.307692;0.107843;0.138554;0.0782209;0.338279;0.087108;0.220418;0.159823;0.290909;0.372093;0.225806;6;
0.288462;0.137255;0.210843;0.259202;0.0890208;0.125436;0.334107;0.236939;0.472727;0.232558;0.16129;6;
0.153846;0.205882;0.228916;0.00920245;0.0593472;0.101045;0.285383;0.0354733;0.509091;0.162791;0.709677;6;
0.432692;0.0588235;0.271084;0.0138037;0.0890208;0.0557491;0.206497;0.097166;0.272727;0.395349;0.483871;6;
0.269231;0.156863;0.162651;0.233129;0.0771513;0.15331;0.415313;0.213804;0.472727;0.337209;0.193548;5;
0.259615;0.215686;0.23494;0.110429;0.0860534;0.205575;0.487239;0.169462;0.427273;0.325581;0.225806;5;
0.442308;0.137255;0.180723;0.127301;0.0445104;0.0522648;0.2529;0.143628;0.245455;0.139535;0.403226;6;
0.269231;0.215686;0.445783;0.0613497;0.0949555;0.118467;0.348028;0.144399;0.445455;0.267442;0.306452;5;
0.259615;0.27451;0.0963855;0.0107362;0.133531;0.0313589;0.227378;0.132447;0.427273;0.197674;0.0806452;5;
0.432692;0.137255;0.204819;0.00766871;0.10089;0.0627178;0.24826;0.107769;0.254545;0.290698;0.354839;6;
0.192308;0.156863;0.156627;0.144939;0.0890208;0.212544;0.354988;0.128012;0.554545;0.325581;0.516129;6;
0.394231;0.107843;0.271084;0.0138037;0.106825;0.0522648;0.201856;0.0884905;0.372727;0.197674;0.483871;6;
0.288462;0.127451;0.186747;0.0352761;0.109792;0.132404;0.259861;0.0807789;0.318182;0.5;0.467742;7;
0.201923;0.0980392;0.174699;0.0613497;0.0682493;0.229965;0.296984;0.0863698;0.445455;0.186047;0.532258;6;
0.365385;0.127451;0.26506;0.0199387;0.0801187;0.0278746;0.25522;0.0807789;0.263636;0.55814;0.774194;6;
0.144231;0.27451;0.162651;0.0874233;0.0563798;0.132404;0.285383;0.0915751;0.590909;0.209302;0.580645;6;
0.163462;0.156863;0.271084;0.0168712;0.109792;0.0696864;0.241299;0.0989011;0.454545;0.302326;0.322581;5;
0.221154;0.0686275;0.174699;0.0858896;0.109792;0.12892;0.329466;0.14652;0.8;0.255814;0.419355;6;
0.230769;0.245098;0.0843373;0.0644172;0.127596;0.087108;0.276102;0.147291;0.445455;0.302326;0.225806;5;
0.230769;0.235294;0.0722892;0.0644172;0.133531;0.0139373;0.204176;0.137459;0.4;0.325581;0.209677;5;
0.288462;0.156863;0.210843;0.0889571;0.115727;0.146341;0.37819;0.140544;0.518182;0.383721;0.403226;7;
0.192308;0.117647;0.144578;0.0122699;0.0712166;0.219512;0.37123;0.0640062;0.790909;0.395349;0.693548;7;
0.317308;0.284314;0.192771;0.0122699;0.0830861;0.087108;0.271462;0.0904184;0.427273;0.465116;0.645161;5;
0.211538;0.196078;0.295181;0.095092;0.115727;0.205575;0.4942;0.157895;0.427273;0.290698;0.209677;5;
0.365385;0.215686;0.222892;0.0153374;0.231454;0.087108;0.389791;0.140158;0.336364;0.325581;0.290323;5;
0.25;0.0686275;0.174699;0.0184049;0.103858;0.0662021;0.24594;0.0877193;0.345455;0.186047;0.354839;5;
0.25;0.156863;0.295181;0.0797546;0.130564;0.0801394;0.257541;0.136688;0.263636;0.883721;0.403226;6;
0.278846;0.411765;0.379518;0.196319;0.204748;0.275261;0.531323;0.225371;0.327273;0.255814;0.193548;5;
0.375;0.196078;0.210843;0.22546;0.139466;0.101045;0.25058;0.24465;0.5;0.325581;0.258065;5;
0.221154;0.171569;0.26506;0.179448;0.106825;0.1777;0.436195;0.184885;0.472727;0.372093;0.241935;6;
0.269231;0.323529;0.144578;0.0659509;0.442136;0.156794;0.313225;0.14652;0.409091;0.313953;0.225806;5;
0.288462;0.0980392;0.222892;0.0153374;0.136499;0.156794;0.336427;0.121265;0.327273;0.267442;0.177419;5;
0.5;0.22549;0.289157;0.0920245;0.10089;0.0313589;0.148492;0.128976;0.163636;0.186047;0.580645;5;
0.375;0.303922;0.180723;0.0705521;0.0830861;0.0940767;0.283063;0.138616;0.6;0.255814;0.483871;6;
0.259615;0.147059;0.228916;0.0107362;0.0682493;0.0940767;0.238979;0.113168;0.518182;0.372093;0.274194;5;
0.298077;0.127451;0.198795;0.0122699;0.139466;0.114983;0.294664;0.128976;0.827273;0.651163;0.370968;6;
0.365385;0.22549;0.162651;0.125767;0.0356083;0.191638;0.341067;0.140929;0.327273;0.186047;0.483871;7;
0.375;0.235294;0.373494;0.153374;0.0801187;0.188153;0.334107;0.206092;0.372727;0.255814;0.145161;6;
0.288462;0.0980392;0.180723;0.187117;0.15727;0.0592334;0.37587;0.21149;0.254545;0.348837;0.16129;7;
0.25;0.333333;0.277108;0.119632;0.121662;0.195122;0.396752;0.151147;0.418182;0.27907;0.274194;6;
0.298077;0.45098;0.192771;0.193252;0.121662;0.1777;0.526682;0.196453;0.436364;0.325581;0.258065;5;
0.269231;0.147059;0.180723;0.219325;0.124629;0.108014;0.2529;0.216696;0.290909;0.372093;0.16129;6;
0.201923;0.176471;0.150602;0.182515;0.074184;0.125436;0.331787;0.204164;0.554545;0.244186;0.225806;5;
0.269231;0.117647;0.192771;0.00766871;0.0890208;0.0801394;0.160093;0.105842;0.609091;0.372093;0.354839;7;
0.221154;0.137255;0.150602;0.17638;0.0771513;0.181185;0.292343;0.148448;0.445455;0.209302;0.435484;5;
0.259615;0.254902;0.216867;0.159509;0.127596;0.1777;0.552204;0.21766;0.654545;0.383721;0.209677;6;
0.173077;0.107843;0.277108;0.00766871;0.0682493;0.108014;0.24594;0.0730673;0.581818;0.325581;0.387097;6;
0.375;0.294118;0.240964;0.0214724;0.0860534;0.0905923;0.331787;0.0672836;0.418182;0.116279;0.790323;6;
0.336538;0.166667;0.174699;0.105828;0.118694;0.125436;0.345708;0.181029;0.645455;0.186047;0.258065;5;
0.326923;0.254902;0.180723;0.119632;0.124629;0.132404;0.366589;0.201465;0.690909;0.465116;0.274194;5;
0.461538;0.186275;0.277108;0.0843558;0.0682493;0.0383275;0.0742459;0.113553;0.154545;0.139535;0.467742;5;
0.326923;0.215686;0.180723;0.124233;0.0385757;0.0418118;0.236659;0.166763;0.354545;0.453488;0.419355;5;
0.278846;0.45098;0.168675;0.0736196;0.151335;0.0662021;0.222738;0.150183;0.5;0.174419;0.16129;5;
0.25;0.196078;0.168675;0.0368098;0.0919881;0.0592334;0.206497;0.0973588;0.481818;0.290698;0.5;6;
0.298077;0.264706;0.445783;0.00613497;0.103858;0.0557491;0.285383;0.0942741;0.372727;0.383721;0.354839;5;
0.307692;0.137255;0.174699;0.127301;0.121662;0.0766551;0.187935;0.162907;0.518182;0.27907;0.290323;6;
0.365385;0.205882;0.156627;0.0904908;0.0979228;0.10453;0.350348;0.140544;0.381818;0.290698;0.435484;5;
0.326923;0.0882353;0.204819;0.0889571;0.0979228;0.0487805;0.236659;0.109312;0.245455;0.209302;0.451613;6;
0.25;0.166667;0.246988;0.122699;0.0979228;0.191638;0.38051;0.181029;0.254545;0.255814;0.177419;5;
0.413462;0.27451;0.355422;0.199387;0.124629;0.202091;0.290023;0.226528;0.218182;0.197674;0.112903;5;
0.278846;0.323529;0.162651;0.0306748;0.0712166;0.0801394;0.176334;0.0722961;0.3;0.139535;0.596774;6;
0.259615;0.0980392;0.246988;0.208589;0.0890208;0.156794;0.278422;0.186428;0.509091;0.581395;0.370968;7;
0.298077;0.284314;0.168675;0.202454;0.0652819;0.111498;0.296984;0.148255;0.345455;0.174419;0.580645;6;
0.259615;0.392157;0.0120482;0.00460123;0.10089;0.10453;0.208817;0.0992867;0.381818;0.290698;0.290323;4;
0.173077;0.137255;0.192771;0.00920245;0.0445104;0.0940767;0.204176;0.0215924;0.436364;0.27907;0.814516;7;
0.365385;0.0882353;0.210843;0.0153374;0.11276;0.142857;0.336427;0.121265;0.581818;0.546512;0.5;6;
0.201923;0.0392157;0.168675;0.0122699;0.0830861;0.118467;0.171694;0.0699826;0.554545;0.232558;0.467742;7;
0.240385;0.0882353;0.192771;0.0552147;0.0919881;0.121951;0.25058;0.0908039;0.472727;0.244186;0.532258;6;
0.384615;0.333333;0.156627;0.131902;0.145401;0.111498;0.440835;0.194525;0.381818;0.383721;0.209677;6;
0.288462;0.186275;0.168675;0.110429;0.0860534;0.0836237;0.185615;0.0846347;0.472727;0.139535;0.725806;6;
0.298077;0.215686;0.295181;0.107362;0.142433;0.0801394;0.341067;0.175246;0.645455;0.476744;0.483871;7;
0.278846;0.215686;0.210843;0.0122699;0.507418;0.118467;0.350348;0.127048;0.354545;0.372093;0.225806;6;
0.240385;0.147059;0.126506;0.0690184;0.0771513;0.0940767;0.308585;0.136688;0.581818;0.127907;0.33871;7;
0.230769;0.254902;0.180723;0.161043;0.11276;0.0905923;0.529002;0.211876;0.418182;0.313953;0.112903;5;
